time (ms), x-accel, y-accel, z-accel
0.0, -0.052948, -0.426331, -0.967941
36.93000000203028, 0.055359, -0.464203, -0.860336
62.18999999691732, 0.007965, -0.45787, -0.912415
87.44000000297092, -0.013977, -0.429153, -0.899902
112.67999999108724, -0.047592, -0.431366, -0.875992
137.95000000391155, -0.081863, -0.387405, -0.968307
163.19999999541324, -0.026566, -0.365067, -0.978516
188.4600000048522, 0.199844, -0.480103, -1.009781
213.70999999635387, 0.133682, -0.39917, -0.965271
238.9499999990221, -0.013779, -0.457397, -0.822937
264.2199999972945, -0.048706, -0.531799, -0.762726
289.45999999996275, 0.059052, -0.441422, -0.731369
314.72999999823514, 0.127365, -0.421387, -0.704926
339.9700000009034, 0.252213, -0.43454, -0.856934
365.2100000035716, 0.077393, -0.304932, -0.914993
390.480000001844, 0.047653, -0.36113, -0.832077
415.72000000451226, 0.014023, -0.321671, -0.841995
440.9799999993993, 0.003143, -0.268311, -0.816132
466.229999990901, 0.067612, -0.302017, -0.797089
491.4799999969546, 0.078766, -0.298172, -0.872681
516.7399999918416, 0.003815, -0.212173, -0.911118
541.9799999945099, -0.021301, -0.1436, -0.803848
567.2499999927823, 0.043198, -0.094833, -0.702255
592.4999999988358, 0.133041, -0.036346, -0.783478
617.7500000048894, 0.082199, -0.053009, -0.876404
643.0099999997765, 0.241455, 0.008896, -0.944611
668.2500000024447, 0.161224, 0.061615, -0.821075
693.5200000007171, 0.116806, 0.136993, -0.497864
718.7699999922188, 0.145279, 0.245987, -0.279587
744.009999994887, 0.392258, 0.415573, -0.224167
769.2799999931594, 0.418106, 0.491837, -0.540375
794.5199999958277, 0.37352, 0.710251, -0.716492
819.7899999941001, 0.685471, 0.729218, -1.044754
845.0400000001537, 1.087967, 0.573822, -1.377991
870.2899999916553, 1.413696, 0.459763, -1.591568
895.5500000010943, 1.44548, 0.313202, -1.538422
920.8099999959813, 1.532578, 0.111069, -1.370529
946.0699999908684, 1.786987, -0.168121, -1.169556
971.319999996922, 1.887527, -0.413635, -0.894714
996.5700000029756, 1.826813, -0.424316, -0.776382
1021.8299999978626, 1.512421, -0.404144, -0.537125
1047.0700000005309, 1.440704, -0.500687, -0.29866
1072.3399999988033, 1.515884, -0.536133, -0.058609
1097.5800000014715, 1.325317, -0.380661, -0.182877
1122.8299999929732, 1.063705, -0.258316, -0.09671
1148.0900000024121, 0.991409, 0.143173, 0.275391
1173.3399999939138, 0.691956, 0.67688, 0.293671
1198.6000000033528, 0.551743, -0.129776, 0.082062
1223.8499999948544, 0.822784, 0.240097, -0.164062
1249.0899999975227, 0.801483, 0.027267, -0.463654
1274.3499999924097, 1.023087, 0.039078, -0.725311
1299.5999999984633, 1.122131, -0.261108, -0.053711
1324.8599999933504, 1.038116, -0.272888, -0.092667
1350.109999999404, 0.907089, -0.216003, -0.328995
1375.3500000020722, 0.669876, 0.236984, -0.484375
1400.6099999969592, 0.91568, 0.15451, 0.088974
1425.8600000030128, 0.685074, 0.106079, 0.143814
1451.1199999978999, 0.848831, 0.333496, 0.235886
1476.3700000039535, 1.02179, 0.126617, -0.536743
1501.6099999920698, 1.547974, -0.244919, -0.189957
1526.880000004894, 1.453094, -0.101517, 0.093628
1552.1299999963958, 1.279541, 0.113129, 0.034637
1577.3899999912828, 1.083328, 0.24675, -0.030289
1602.6399999973364, 0.944565, 0.280136, -0.087326
1627.8800000000047, 0.879028, 0.541901, -0.737335
1653.149999998277, 0.866196, 0.399124, -0.616196
1678.3900000009453, 0.929565, 0.304489, -0.319229
1703.6599999992177, 0.980789, 0.180054, -0.034241
1728.9099999907194, 1.3685, -0.188828, -0.014725
1754.1499999933876, 1.318054, -0.29686, 0.06929
1779.41999999166, 1.311707, -0.170074, 0.072632
1804.6699999977136, 1.349701, -0.270187, 0.038315
1829.939999995986, 1.206909, -0.171051, -0.24678
1855.1900000020396, 0.514145, 0.387512, 0.118301
1880.4399999935413, 0.807175, 0.321732, -0.152008
1905.7099999918137, 1.405472, 0.012054, -0.278076
1930.949999994482, 0.913559, -0.074921, -0.465485
1956.2199999927543, 0.848358, -0.276413, 0.487152
1981.469999998808, 0.689789, -0.255951, 0.271805
2006.7200000048615, 0.974564, -0.250671, 0.435303
2031.9799999997485, 1.130173, -0.420395, 0.508408
2057.22999999125, 0.809296, -0.120499, 0.124023
2082.5000000040745, 0.640884, -0.112701, 0.027679
2107.739999992191, 0.639435, -0.017624, -0.146545
2132.9899999982445, 0.902954, -0.377991, 0.27002
2158.259999996517, 1.141922, -0.306412, -0.585022
2183.499999999185, 1.058182, -0.131393, -0.580139
2208.7699999974575, 0.732483, 0.300858, -0.235855
2233.879999999772, 0.709686, 0.341461, 0.184875
2259.12000000244, 1.254532, 0.212906, -7.48E-4
2284.3900000007125, 1.517502, 0.201996, -0.451431
2309.639999992214, 1.264893, 0.101364, -0.23613
2334.9100000050385, 0.940094, 0.192154, -0.072556
2360.15999999654, 0.585175, 0.27916, -0.208862
2385.3999999992084, 0.609406, 0.139938, -0.125488
2410.6699999974808, 0.366135, 0.137711, 0.007278
2435.9200000035344, 1.190933, -0.184937, -0.194305
2461.1900000018068, 0.727753, -0.079758, -0.110352
2486.430000004475, 1.025787, -0.288757, 0.584244
2511.6799999959767, 1.283569, -0.27005, 0.547623
2536.949999994249, 1.002716, 0.088486, 0.39418
2562.2000000003027, 1.047211, 0.179977, 0.921005
2587.4599999951897, 1.432037, 0.029526, 0.766693
2612.7100000012433, 1.275375, 0.216766, 0.469864
2637.959999992745, 1.217926, 0.20874, 0.396515
2663.220000002184, 1.255417, 0.308334, 0.355804
2688.4699999936856, 1.160248, 0.365723, 0.210327
2713.739999991958, 1.255951, 0.442932, 0.080658
2738.9899999980116, 0.987122, 0.332809, 0.405182
2764.240000004065, 1.206543, -0.014572, 0.373291
2789.5100000023376, 0.56369, 0.586258, 0.225082
2814.750000005006, 0.604233, 0.504532, 0.160202
2840.0200000032783, 0.877747, 0.278824, 0.041946
2865.26999999478, 0.306122, 0.3685, -1.245422
2890.509999997448, 0.697922, 0.217972, 0.067551
2915.7799999957206, 0.934708, 0.088577, 0.10321
2941.030000001774, 0.385086, 0.257843, -0.43634
2966.3000000000466, 0.411819, 0.160309, 0.002472
2991.540000002715, 0.462341, 0.209091, 0.173828
3016.7899999942165, 0.559006, 0.377762, -0.161301
3042.059999992489, 1.195786, 0.310074, -0.255188
3067.3099999985425, 1.022858, -0.097794, -0.138412
3092.5900000002002, 1.584427, -0.269211, -0.134399
3117.8300000028685, 1.655182, 0.042877, -0.312805
3143.07999999437, 1.575974, -0.131729, -0.315628
3168.3499999926426, 1.156708, 0.390442, 0.197693
3193.599999998696, 0.804184, 0.567673, 0.105881
3218.8699999969685, 0.592972, 0.689499, 0.304871
3244.120000003022, 0.782181, 0.682709, 0.092087
3269.369999994524, 1.022888, 0.323685, -0.265656
3294.639999992796, 1.341278, 0.377975, -0.62854
3319.88999999885, 1.379333, 0.246674, -0.089111
3345.159999997122, 1.025391, 0.356918, -0.012619
3370.410000003176, 0.753906, 0.314316, -0.317673
3395.6599999946775, 0.264496, 0.56958, -0.470062
3420.92999999295, 0.544449, 0.399643, -0.004669
3446.1799999990035, 0.649261, 0.385208, 0.030655
3471.449999997276, 0.656647, 0.437134, 0.112885
3496.7000000033295, 0.801117, 0.497391, 0.004471
3521.9599999982165, 0.648041, 0.281342, -0.297943
3547.229999996489, 1.315918, 0.585037, -1.026123
3572.469999999157, 1.318802, 0.816254, -0.197815
3597.750000000815, 1.018127, 0.728058, -0.077133
3622.990000003483, 0.601974, 0.428391, 0.039169
3648.239999994985, 0.531708, 0.5784, 0.265656
3673.509999993257, 0.704559, 0.772507, -0.026932
3698.759999999311, 0.737625, 0.433533, -0.004089
3724.029999997583, 0.49147, 0.276459, 0.097504
3749.2700000002515, 0.363724, 0.333923, 0.039001
3774.519999991753, 0.424469, 0.518723, -0.109573
3799.780000001192, 0.288467, 0.349274, -0.082794
3825.029999992694, 0.11441, 0.125183, -0.120132
3850.299999990966, -0.037643, 0.371841, -0.718399
3875.5399999936344, 0.289169, 1.9505, 0.375778
3900.7799999963026, 0.082413, 4.736542, -0.474777
3926.049999994575, 0.184601, 1.269241, -0.09259
3951.3000000006286, -0.044052, 0.304565, 0.181885
3976.569999998901, -0.191177, 0.397354, 0.213882
4001.8200000049546, -0.254761, 0.954727, 0.039322
4027.0699999964563, -0.422165, 1.294571, -0.191238
4052.3399999947287, -0.222137, 0.936325, -0.307434
4077.5900000007823, -0.173325, 0.879852, -0.304459
4102.859999999055, -0.218124, 0.978546, -0.305099
4128.110000005108, -0.16423, 0.967941, -0.2939
4153.349999993225, -0.051697, 0.96048, -0.293259
4178.619999991497, -0.082489, 1.079712, -0.339844
4203.869999997551, 0.013443, 0.9823, -0.283005
4229.139999995823, 0.170685, 0.81311, -0.021851
4254.390000001877, 0.219864, 0.776932, -0.005951
4279.630000004545, 0.272919, 0.857712, -0.042435
4304.900000002817, 0.216324, 0.959259, -0.052704
4330.149999994319, 0.020554, 1.211731, -0.015396
4355.419999992591, 0.071503, 1.250275, 0.308685
4380.68000000203, 0.105469, 1.067871, 0.272049
4405.929999993532, 0.090729, 0.962738, -0.020065
4431.199999991804, 0.068695, 0.958115, -0.137772
4456.449999997858, -0.063446, 1.077438, -0.185501
4481.71999999613, -0.078857, 1.080872, -0.078903
4506.959999998799, -0.103806, 1.150284, -0.102982
4532.210000004852, -0.028351, 1.116547, 0.021729
4557.480000003125, 0.074326, 1.051575, 0.162659
4582.739999998012, 0.188782, 1.015335, 0.209473
4608.009999996284, 0.23851, 0.977554, 0.241211
4633.269999991171, 0.248215, 0.869843, 0.199799
4658.519999997225, 0.258545, 0.785904, 0.025955
4683.789999995497, 0.275604, 0.731277, -0.042648
4709.040000001551, 0.279663, 0.632751, -0.005325
4734.309999999823, 0.285278, 0.658737, 0.029892
4759.559999991325, 0.217026, 0.759735, -0.6689
4784.809999997378, 0.079514, 1.07103, -0.002716
4810.079999995651, -0.025131, 1.396683, 0.345459
4835.330000001704, -0.1633, 1.5112, 0.595032
4860.599999999977, 0.206329, 1.096466, 0.287979
4885.849999991478, 0.318192, 0.859756, -0.241104
4911.099999997532, 0.29863, 0.857086, -0.193375
4936.369999995804, 0.174622, 0.881546, -0.093948
4961.629999990691, 0.099594, 0.927521, -0.083679
4986.900000003516, 0.054337, 1.024399, -0.056503
5012.149999995017, -0.023453, 1.073227, 0.227234
5037.400000001071, 0.088638, 1.076859, 0.343811
5062.669999999343, 0.28511, 0.956528, 0.002579
5087.919999990845, 0.30513, 0.904663, -0.127777
5113.190000003669, 0.23233, 0.917984, -0.15062
5138.439999995171, 0.198715, 0.952682, -0.097855
5163.70000000461, 0.216476, 0.990891, 0.052063
5188.970000002882, 0.230804, 1.03476, 0.30896
5214.219999994384, 0.197052, 1.018967, 0.138138
5239.499999996042, 0.207138, 0.992355, 0.008026
5264.73999999871, 0.174072, 0.951797, 0.009415
5289.999999993597, 0.16539, 0.971863, 0.005692
5315.26999999187, 0.174881, 0.981934, 0.078003
5340.519999997923, 0.192993, 0.969742, 0.062195
5365.789999996196, 0.205353, 0.966141, 0.039246
5391.040000002249, 0.189316, 0.964722, 0.024597
5416.289999993751, 0.176285, 0.957596, 0.040878
5441.559999992023, 0.179581, 0.943634, 0.091034
5466.809999998077, 0.188248, 0.942596, 0.132217
5492.079999996349, 0.180832, 0.968765, 0.137711
5517.330000002403, 0.179031, 0.978256, 0.129868
5542.5799999939045, 0.218018, 0.970215, 0.204163
5567.849999992177, 0.234512, 1.013992, 0.248856
5593.0999999982305, 0.2052, 1.061447, 0.225601
5618.369999996503, 0.178162, 1.083633, 0.235367
5643.6200000025565, 0.142944, 1.031769, 0.097336
5668.8799999974435, 0.189346, 0.924561, 0.054626
5694.149999995716, 0.406067, 0.956711, 0.355682
5719.4000000017695, 0.528503, 0.98822, 0.448074
5744.670000000042, 0.391632, 0.947372, 0.392029
5769.919999991544, 0.200958, 0.932648, 0.308456
5795.169999997597, 0.196991, 0.940109, 0.182846
5820.43999999587, 0.27681, 0.836639, 0.172577
5845.690000001923, 0.422134, 0.765411, 0.245178
5870.970000003581, 0.476913, 0.706558, 0.257629
5896.209999991697, 0.409225, 0.673584, 0.284317
5921.470000001136, 0.315002, 0.681305, 0.265045
5946.739999999409, 0.226852, 0.733292, 0.287582
5971.98999999091, 0.182907, 0.748367, 0.409637
5997.260000003735, 0.204407, 0.75296, 0.448975
6022.509999995236, 0.321762, 0.7444, 0.455002
6047.76000000129, 0.426559, 0.721756, 0.54776
6073.029999999562, 0.577835, 0.821075, 0.495056
6098.279999991064, 0.638748, 0.938538, 0.415741
6123.550000003888, 0.581161, 0.871964, 0.473785
6148.79999999539, 0.461014, 0.735764, 0.482208
6174.039999998058, 0.294998, 0.681595, 0.42746
6199.309999996331, 0.194946, 0.78186, 0.300415
6224.560000002384, 0.128372, 1.134048, 0.244781
6249.830000000657, 0.201767, 1.280991, 0.182846
6275.079999992158, 0.137665, 1.47493, 0.192947
6300.329999998212, 0.034744, 1.390686, 0.090881
6325.599999996484, -0.059555, 1.004303, 0.159271
6350.850000002538, -0.031952, 0.800949, -0.0625
6376.12000000081, 0.115341, 0.846191, -0.23381
6401.369999992312, 0.222977, 0.782013, -0.233521
6426.6199999983655, 0.307449, 0.977814, -0.165024
6451.889999996638, 0.385666, 1.065216, -0.148239
6477.1400000026915, 0.390244, 1.044235, -0.149002
6502.410000000964, 0.285172, 0.97403, -0.107391
6527.659999992466, 0.282272, 0.961243, 0.081573
6552.899999995134, 0.088837, 0.947128, 0.289566
6578.179999996792, 0.076431, 0.975739, 0.290741
6603.41999999946, 0.192261, 0.907272, 0.051102
6628.689999997732, 0.250961, 0.865524, -0.031219
6653.949999992619, 0.269287, 0.849136, -0.067154
6679.199999998673, 0.30072, 0.847336, -0.083923
6704.469999996945, 0.339508, 0.876083, -0.072021
6729.720000002999, 0.35672, 0.872787, -0.062866
6754.990000001271, 0.320236, 0.865005, -0.067383
6780.239999992773, 0.260864, 0.920547, -0.064896
6805.4899999988265, 0.191513, 0.931442, -0.01001
6830.759999997099, 0.158325, 0.959, 0.143845
6856.019999991986, 0.277527, 1.02774, 0.194992
6881.29000000481, 0.432236, 1.004761, -0.026215
6906.539999996312, 0.511948, 0.994507, -0.160263
6931.790000002366, 0.623001, 1.037811, -0.113647
6957.060000000638, 0.685577, 1.121109, 0.011017
6982.30999999214, 0.687546, 1.213791, 0.314026
7007.570000001579, 0.591873, 1.213165, 0.389694
7032.81999999308, 0.58078, 1.114349, -0.03952
7058.069999999134, 0.454117, 0.832245, -0.178558
7083.339999997406, 0.35022, 0.757629, -0.265289
7108.5800000000745, 0.190201, 0.915817, -0.241623
7133.849999998347, -0.136368, 1.759415, -0.245728
7159.1000000044005, -0.369568, 2.14238, -0.028778
7184.349999995902, -0.151443, 1.023849, 0.069275
7209.619999994175, 0.062851, 0.700821, 0.161148
7234.700000000885, 0.116928, 0.742661, -0.120544
7259.969999999157, 0.643341, 0.830536, 0.361557
7285.219999990659, 0.74501, 1.095108, -0.122589
7310.459999993327, 0.494751, 0.882446, 0.232025
7335.739999994985, 0.217163, 0.61911, 0.243896
7360.990000001038, 0.062836, 0.491547, 0.090897
7386.2499999959255, -0.059479, 0.332153, -0.061829
7411.500000001979, -0.152863, 0.358109, -0.016846
7436.749999993481, -0.169571, 0.468292, 0.050827
7462.019999991753, -0.127991, 0.610245, 0.123154
7487.269999997807, 0.092133, 0.858688, 0.37059
7512.529999992694, 0.601669, 1.384567, 1.287888
7537.779999998747, 1.76857, 1.906998, 1.689758
7563.020000001416, 0.878754, 1.307114, 0.482971
7588.289999999688, 0.093842, 0.122589, 0.398376
7613.53999999119, -0.336456, -0.059601, 0.335403
7638.800000000629, -0.115524, 0.652695, -0.229019
7664.04999999213, 0.348831, 1.914795, -0.882111
7689.299999998184, 0.156891, 2.867874, 0.182755
7714.569999996456, 0.183472, 1.266556, 0.354645
7739.82000000251, 0.037888, 0.461456, -1.98E-4
7765.079999997397, 0.080795, 0.343811, -0.13916
7790.330000003451, 0.17366, 0.339539, -0.368835
7815.579999994952, 0.216965, 1.269989, -0.412872
7840.849999993225, 0.072693, 1.567108, -0.493011
7866.089999995893, 0.155304, 1.077576, -0.195755
7891.359999994165, 0.194595, 0.898453, -0.018448
7916.610000000219, 0.072922, 0.808273, 0.855881
7941.8599999917205, 0.421021, 0.965744, 0.173355
7967.139999993378, 0.287735, 0.818359, -0.069427
7992.389999999432, 0.280121, 0.803925, -0.169266
8017.659999997704, 0.373596, 0.795151, -0.126831
8042.910000003758, 0.400452, 0.750763, -0.079041
8068.15999999526, 0.429535, 0.870361, -0.109192
8093.429999993532, 0.398956, 0.939224, -0.049103
8118.679999999586, 0.313507, 0.970032, 0.057999
8143.949999997858, 0.324677, 0.977905, 0.431183
8169.200000003912, 0.589478, 0.945984, 0.165039
8194.449999995413, 0.592606, 1.067719, -0.031036
8219.719999993686, 0.544586, 1.082993, -0.074036
8244.96999999974, 0.485718, 1.115219, 0.327499
8270.239999998012, 0.474121, 1.128159, 0.380173
8295.490000004065, 0.473312, 1.027649, -0.100082
8320.749999998952, 0.367798, 0.978271, -0.193344
8346.00999999384, 0.366089, 1.141327, -0.380524
8371.270000003278, 0.141663, 1.961884, -0.634949
8396.54000000155, 0.203552, 2.10434, 0.663086
8421.789999993052, -0.293808, 1.182724, 0.210922
8447.039999999106, 0.049744, 0.47438, 0.148666
8472.309999997378, 0.074677, 0.467255, -0.077896
8497.560000003432, 0.501694, 0.524612, 0.221191
8522.830000001704, 0.452286, 0.938873, -0.167648
8548.079999993206, 0.582123, 1.041306, -0.028717
8573.32999999926, 0.190231, 0.798019, 0.017838
8598.599999997532, -0.11821, 0.495926, 0.119949
8623.850000003586, -0.234848, 0.432129, 0.070892
8649.120000001858, -0.08345, 0.571716, 0.045425
8674.36999999336, 0.194061, 0.579834, 0.245438
8699.619999999413, 0.330673, 0.653671, 0.400284
8724.889999997686, 0.359375, 0.803955, 0.436569
8750.130000000354, 0.26358, 1.079224, 0.63623
8775.399999998626, 0.530441, 1.337296, 1.046738
8800.65000000468, 0.652512, 1.316971, 0.549423
8825.899999996182, 0.519409, 0.952271, 0.790985
8851.169999994454, 0.426758, 0.737381, 0.700684
8876.420000000508, 0.127014, 1.325928, -0.419815
8901.68999999878, -0.154602, 2.229614, -0.933548
8926.940000004834, -0.211685, 1.310074, -0.170715
8952.189999996335, -0.089798, 0.285095, -0.138519
8977.459999994608, 0.128845, 0.097214, -0.129395
9002.710000000661, 0.24913, 0.431992, -0.05687
9027.979999998934, 0.341354, 1.292007, -0.126007
9053.230000004987, 0.25705, 1.834671, -0.339554
9078.479999996489, 0.243317, 1.136688, -0.18486
9103.749999994761, 0.136795, 0.716309, -0.058167
9129.000000000815, 0.074966, 0.642288, -0.028992
9154.269999999087, 0.156982, 0.863663, 0.065781
9179.529999993974, 0.224197, 0.97496, 0.138168
9204.769999996643, 0.203064, 0.907379, 0.160904
9230.039999994915, 0.250244, 0.927795, 0.043411
9255.290000000969, 0.262268, 0.912521, -0.051254
9280.559999999241, 0.295029, 0.875763, -0.121933
9305.809999990743, 0.299179, 0.965744, -0.099487
9331.059999996796, 0.33551, 1.073181, 0.026138
9356.339999998454, 0.474411, 1.003464, 0.141083
9381.590000004508, 0.492706, 0.986542, 0.065765
9406.849999999395, 0.502853, 1.032532, -0.081299
9432.099999990896, 0.505661, 1.071259, 0.067291
9457.34999999695, 0.453964, 1.054993, 0.424454
9482.619999995222, 0.489212, 1.010178, 0.090485
9507.870000001276, 0.444794, 0.879578, -0.144424
9533.139999999548, 0.425842, 0.900742, -0.153595
9558.38999999105, 0.441742, 1.20932, -0.293747
9583.629999993718, 0.142746, 2.037582, -0.594742
9608.89999999199, -0.38031, 2.286072, 0.280228
9634.149999998044, -0.33165, 1.18985, 0.31398
9659.419999996317, 0.025513, 0.552597, 0.175827
9684.679999991204, 0.119629, 0.479385, 0.024673
9709.929999997257, 0.43927, 0.55899, 0.122696
9735.189999992144, 0.486771, 0.987015, -0.299133
9760.450000001583, 0.639908, 0.966843, -0.049179
9785.719999999856, 0.238739, 0.626083, 0.027328
9810.969999991357, -0.157455, 0.487946, -0.021545
9836.219999997411, -0.158127, 0.544495, 0.016739
9861.489999995683, -0.185577, 0.463669, 0.182632
9886.740000001737, 0.07431, 0.422272, 0.391342
9912.01000000001, 0.298386, 0.62468, 0.477921
9937.259999991511, 0.384171, 1.070709, 0.715027
9962.509999997565, 0.740036, 1.6008, 1.297745
9987.779999995837, 0.848679, 1.459976, 0.991196
10013.03000000189, 0.373367, 0.645065, 0.399918
10038.310000003548, 0.233078, 0.093857, 0.546539
10063.55999999505, 0.179077, 0.528229, 0.202362
10088.810000001104, 0.215454, 1.401031, -0.433823
10114.06999999599, 0.159668, 2.066849, -0.40802
10139.320000002044, 0.149109, 2.079437, 0.698593
10164.600000003702, 0.087601, 0.756042, 0.016235
10189.849999995204, 0.076447, 0.536163, -0.450943
10215.100000001257, 0.182404, 0.358017, -0.321854
10240.36999999953, 0.188873, 0.803757, -0.255737
10265.619999991031, 0.075439, 1.386261, -0.409302
10290.89999999269, -0.028748, 1.395065, -0.422958
10316.149999998743, 0.046082, 0.888306, -0.134247
10341.400000004796, 0.070801, 0.771927, 0.002792
10366.670000003069, 0.127502, 0.827072, 0.121323
10391.929999997956, 0.40538, 0.809418, 0.361053
10417.199999996228, 0.392319, 0.923325, 0.102356
10442.450000002282, 0.54071, 0.946442, -0.055222
10467.709999997169, 0.524994, 0.81427, -0.101791
10492.979999995441, 0.501816, 0.762924, -0.09111
10518.230000001495, 0.423904, 0.912735, -0.055557
10543.510000003153, 0.298798, 1.029083, 0.200836
10568.759999994654, 0.323074, 0.974274, 0.550323
10594.010000000708, 0.534531, 0.968842, -0.093063
10619.27999999898, 0.598785, 1.029785, -0.15683
10644.530000005034, 0.458801, 1.014297, 0.203339
10669.80999999214, 0.427338, 1.228882, 0.500763
10695.070000001579, 0.588913, 1.030396, 0.095047
10720.31999999308, 0.571945, 0.926895, 0.025269
10745.589999991353, 0.519211, 0.96611, -0.090836
10770.839999997406, 0.559769, 1.050064, -0.363358
10796.109999995679, 0.247528, 1.862183, -0.743057
10821.370000005118, 0.038498, 2.082489, -0.725052
10846.61999999662, -0.220901, 1.368332, 0.584259
10871.889999994892, 0.047897, 0.607315, 0.113937
10897.15000000433, 0.567841, 0.479492, 0.092926
10922.420000002603, 0.466202, 0.891098, 0.127792
10947.669999994105, 0.447678, 1.113327, -0.065842
10972.920000000158, 0.334778, 0.903809, -0.049911
10998.18999999843, 0.003052, 0.626541, -0.140793
11023.440000004484, -0.360458, 0.32309, -0.016006
11048.710000002757, -0.382935, 0.474289, 0.05394
11073.959999994258, -0.14357, 0.49205, 6.56E-4
11099.210000000312, -0.067261, 0.549622, 0.191269
11124.479999998584, 0.017242, 0.620468, 0.352142
11149.730000004638, 0.178009, 0.823059, 0.503235
11175.00000000291, 0.577484, 1.340179, 1.523376
11200.249999994412, 1.67775, 1.604172, 1.378021
11225.500000000466, 0.823639, 1.23262, 0.031799
11250.769999998738, 0.406631, 0.130249, 0.543701
11276.020000004792, 0.161133, 0.104889, 0.251038
11301.299999991897, -0.020416, 1.204178, -0.245178
11326.549999997951, -0.061646, 2.140656, -0.59079
11351.800000004005, 0.122009, 2.632034, 1.324997
11377.070000002277, 0.08519, 0.727158, 0.094727
11402.310000004945, 0.047806, 0.222183, -0.256683
11427.580000003218, 0.147614, 0.400314, -0.300568
11452.82999999472, 0.262924, 0.694382, -0.309784
11478.080000000773, 0.227966, 1.260178, -0.308289
11503.349999999045, 0.101578, 1.336105, -0.321793
11528.600000005099, 0.156067, 0.894745, -0.091141
11553.870000003371, 0.209351, 0.896164, 0.304993
11579.129999998258, 0.303558, 1.029053, 0.971725
11604.380000004312, 0.318253, 0.921829, -0.019012
11629.650000002584, 0.306885, 0.713623, -0.065704
11654.899999994086, 0.452927, 0.691544, -0.134491
11680.169999992358, 0.507919, 0.742142, -0.133652
11705.419999998412, 0.431931, 0.909027, -0.086517
11730.670000004466, 0.338058, 0.907486, -0.078796
11755.949999991572, 0.305435, 1.058289, 0.004211
11781.199999997625, 0.326614, 1.172699, 0.300735
11806.469999995898, 0.519684, 1.036179, 0.375397
11831.720000001951, 0.556229, 1.027359, 0.022171
11856.979999996838, 0.582382, 1.192764, -0.004318
11882.24999999511, 0.624527, 1.228088, 0.397614
11907.500000001164, 0.656158, 1.024307, 0.189194
11932.780000002822, 0.495377, 0.980194, -0.157196
11958.029999994324, 0.437012, 0.926712, -0.253052
11983.290000003763, 0.384384, 1.233673, -0.299988
12008.560000002035, 0.040405, 1.915375, -0.574203
12033.809999993537, -0.061752, 1.79129, 1.195633
12059.089999995194, -0.247604, 1.033249, 0.14328
12084.340000001248, 0.090225, 0.498398, 0.038239
12109.58999999275, 0.35112, 0.586182, 0.057312
12134.859999991022, 0.525589, 0.861526, 0.053467
12160.120000000461, 0.532684, 1.118912, -0.016983
12185.389999998733, 0.265182, 0.831512, 0.038193
12210.640000004787, -0.057877, 0.493927, 0.023788
12236.23999999836, -0.375397, 0.267365, 0.042252
12261.509999996633, -0.145889, 0.306931, 0.078064
12286.76999999152, 0.020126, 0.355484, 0.095886
12312.040000004345, 0.137695, 0.481522, 0.257675
12337.289999995846, 0.26268, 0.800278, 0.347656
12362.549999990733, 0.521973, 1.653488, 1.174454
12387.810000000172, 1.494446, 2.251892, 1.906876
12413.06999999506, 0.604843, 0.897842, 0.500122
12438.339999993332, 0.078171, -0.300827, 0.547058
12463.60000000277, -0.310135, 0.229767, -0.097885
12488.849999994272, -0.116791, 1.914017, -1.157593
12514.119999992545, -0.499161, 3.068863, -0.686127
12539.369999998598, -0.032272, 1.227875, 0.403488
12564.63999999687, 0.40741, 0.253189, -0.087753
12589.890000002924, 0.476273, 0.297028, -0.470734
12615.149999997811, 0.272461, 0.766129, -0.194107
12640.419999996084, 0.320343, 1.292801, -0.120483
12665.670000002137, -0.11441, 1.439667, 0.203323
12690.950000003795, 0.182693, 0.985352, -0.125351
12716.199999995297, 0.072876, 0.603989, -1.83E-4
12741.460000004736, 0.029022, 0.70224, -0.088913
12766.730000003008, 0.083664, 0.873062, -0.114639
12791.97999999451, 0.245163, 0.976334, -0.101089
12817.249999992782, 0.389603, 0.949219, -0.059296
12842.499999998836, 0.497543, 0.804596, 0.05899
12867.75000000489, 0.504684, 0.82428, 0.243622
12893.029999991995, 0.360229, 0.968674, 0.493195
12918.279999998049, 0.416321, 0.999741, 0.161545
12943.549999996321, 0.557144, 1.004761, -0.219131
12968.800000002375, 0.592545, 0.997482, -0.173676
12994.049999993877, 0.496338, 0.975143, 0.101089
13019.319999992149, 0.30127, 1.160797, 0.868942
13044.569999998203, 0.509613, 1.069595, 0.121902
13069.84999999986, 0.26442, 0.886581, -0.079514
13095.099999991362, 0.341766, 0.864792, -0.227814
13120.349999997416, 0.572266, 1.290863, -0.343796
13145.619999995688, 0.417343, 2.23436, -0.577301
13170.870000001742, 0.021835, 2.504852, 0.283752
13196.140000000014, -0.349289, 1.231155, 0.177002
13221.389999991516, 0.295776, 0.371643, 0.246613
13246.63999999757, 0.530609, 0.390182, 0.154404
13271.909999995842, 0.410446, 0.711411, -0.110733
13297.160000001895, 0.410645, 1.082596, -0.08078
13322.430000000168, 0.350723, 1.041046, -0.124573
13347.67999999167, 0.047806, 0.69191, -0.165939
13372.929999997723, -0.307449, 0.27356, -0.092773
13398.18999999261, -0.688812, 0.038528, 0.072098
13423.439999998664, -0.294937, 0.407578, 0.202301
13448.709999996936, -0.022415, 0.501099, 0.165573
13473.949999999604, 0.191742, 0.741425, 0.25325
13499.199999991106, 0.519913, 1.476364, 0.548386
13524.489999996149, 1.242035, 2.301117, 2.660629
13549.709999992047, 0.946533, 1.623642, 0.509277
13574.989999993704, 0.219193, 0.264008, 0.451004
13600.239999999758, 0.068619, -0.227707, 0.370514
13625.50999999803, -0.160477, 0.817062, -0.338974
13650.750000000698, 0.096725, 2.27243, -0.771957
13675.9999999922, -0.07196, 2.324356, -0.024979
13701.270000005024, 0.144028, 0.814438, 0.29744
13726.529999999912, 0.092819, 0.371277, -0.207062
13751.799999998184, 0.165802, 0.234116, -0.122223
13777.050000004238, 0.265305, 0.422379, -0.160294
13802.289999992354, 0.214737, 1.282486, -0.340225
13827.560000005178, 0.159149, 1.819931, -0.541321
13852.80999999668, 0.247345, 1.178482, -0.236557
13878.079999994952, 0.214035, 0.842163, -0.043076
13903.330000001006, 0.205261, 0.867706, -4.12E-4
13928.579999992508, 0.162857, 0.815613, 0.244476
13953.84999999078, 0.445496, 0.950943, 0.514343
13979.099999996834, 0.341217, 0.879654, 0.033951
14004.369999995106, 0.309052, 0.87352, -0.04158
14029.62000000116, 0.337433, 0.87117, -0.072601
14054.869999992661, 0.336533, 0.780426, -0.058777
14080.139999990934, 0.276688, 0.788895, 0.007523
14105.389999996987, 0.190018, 0.88385, 0.231094
14130.669999998645, 0.342484, 0.993958, 0.194611
14155.920000004699, 0.476166, 0.990417, -0.08197
14181.1699999962, 0.464386, 1.029831, -0.152039
14206.439999994473, 0.368668, 1.059464, 0.100739
14231.690000000526, 0.41832, 1.161392, 0.421738
14256.959999998799, 0.568985, 1.091751, 0.115616
14282.210000004852, 0.456451, 0.979904, -0.039276
14307.459999996354, 0.375778, 0.859848, -0.100067
14332.729999994626, 0.378128, 0.888046, -0.326141
14357.969999997295, 0.219559, 1.564148, -0.506683
14383.239999995567, -0.024887, 2.341721, 0.092911
14408.49000000162, -0.222916, 1.497513, 0.230759
14433.739999993122, 0.142181, 0.573883, 0.431702
14459.009999991395, 0.326462, 0.498825, -0.15538
14484.259999997448, 0.677673, 0.634491, 0.452225
14509.52999999572, 0.477966, 1.10228, -0.174011
14534.780000001774, 0.428452, 0.926208, -0.071274
14560.039999996661, 0.172424, 0.720352, -0.078445
14585.309999994934, -0.052902, 0.598282, 0.074539
14610.549999997602, -0.289902, 0.524261, 0.17749
14635.819999995874, -0.306198, 0.496277, 0.033066
14661.070000001928, -0.137527, 0.462219, 0.07428
14686.31999999343, 0.068542, 0.590332, 0.285049
14711.589999991702, 0.302017, 0.7854, 0.487915
14736.85000000114, 0.692474, 1.251083, 0.936432
14762.119999999413, 1.385757, 1.430313, 1.874313
14787.360000002082, 0.909378, 1.464676, -0.010422
14812.609999993583, 0.210007, 0.469055, 0.401016
14837.879999991856, 0.043015, 0.117111, 0.473938
14863.12999999791, 0.034515, 1.068848, 0.192719
14888.399999996182, 0.075592, 1.842392, -0.540726
14913.650000002235, 0.035431, 1.950241, 0.286789
14938.899999993737, -0.108337, 1.018372, -0.243774
14964.160000003176, 0.107254, 0.631744, 0.054489
14989.409999994677, 0.086121, 0.72673, -0.25972
15014.67999999295, 0.160446, 0.831116, -0.245346
15039.929999999003, 0.265152, 1.10791, -0.306549
15065.18999999389, 0.236725, 1.185562, -0.307465
15090.459999992163, 0.079468, 0.942429, -0.261154
15115.709999998217, 0.102631, 0.819763, -0.138046
15140.979999996489, 0.086197, 0.936432, -0.111908
15166.219999999157, 0.072525, 0.904083, -0.035172
15191.479999994044, 0.305618, 0.952271, 0.315826
15216.740000003483, 0.483734, 0.952866, 0.369385
15241.989999994985, 0.444748, 0.826019, 0.091599
15267.259999993257, 0.488205, 0.836578, 0.003998
15292.50999999931, 0.458038, 0.880798, -0.038727
15317.759999990813, 0.419235, 0.853531, -0.048843
15343.030000003637, 0.339478, 0.878693, -0.006973
15368.279999995138, 0.313583, 0.990112, 0.044601
15393.559999996796, 0.32431, 0.969528, 0.113373
15418.81000000285, 0.370605, 0.946335, 0.100845
15444.059999994352, 0.393997, 0.997131, 0.024139
15469.329999992624, 0.402328, 1.093719, 0.034912
15494.569999995292, 0.440857, 1.141617, 0.234161
15519.839999993565, 0.44548, 1.001114, 0.412766
15545.089999999618, 0.393845, 1.084259, -0.019272
15570.349999994505, 0.27655, 1.112991, -0.236511
15595.619999992778, 0.149185, 1.65976, -0.540771
15620.859999995446, -0.341171, 2.542679, 0.164764
15646.129999993718, -0.07782, 1.3992, 0.219482
15671.390000003157, 0.142319, 0.668182, 0.455429
15696.639999994659, 0.649567, 0.383163, 0.339371
15721.909999992931, 0.538284, 0.632965, 0.088318
15747.159999998985, 0.254501, 0.84845, -0.077698
15772.429999997257, 0.184875, 0.857147, -0.029251
15797.68000000331, 0.122147, 0.666153, -0.055984
15822.939999998198, -0.03598, 0.516037, 0.059052
15848.20999999647, -0.167511, 0.294327, 0.2229
15873.460000002524, -0.143616, 0.293579, 0.225769
15898.730000000796, -0.032944, 0.478851, 0.157196
15923.979999992298, 0.051514, 0.667419, 0.242798
15949.229999998352, 0.270264, 1.010529, 0.357346
15974.489999993239, 0.794891, 1.900558, 1.272659
15999.739999999292, 1.564377, 1.861328, 1.892792
16025.009999997565, 1.196426, 0.877731, 0.601349
16050.269999992452, 0.189026, -0.142944, 0.069458
16075.50999999512, -0.185059, -0.136826, -0.482727
16100.779999993392, -0.170425, 0.797577, -0.481918
16126.029999999446, 0.049194, 1.378387, -0.301498
16151.299999997718, 2.75E-4, 2.086365, 0.819824
16176.550000003772, 0.039673, 2.427719, 0.349701
16201.799999995274, 0.177094, 1.26062, 0.124619
16227.069999993546, 0.118652, 0.769241, -0.377258
16252.309999996214, 0.179993, 0.354797, -0.326202
16277.579999994487, 0.209137, 0.196411, -0.258545
16302.83000000054, 0.18161, 0.841324, -0.246628
16328.079999992042, -0.002197, 1.68515, -0.532852
16353.350000004866, 0.232712, 1.230362, -0.25116
16378.599999996368, 0.253372, 0.892181, -0.014908
16403.86999999464, 0.50293, 1.053467, 2.089096
16429.10999999731, 0.400055, 0.907578, -0.160126
16454.360000003362, 0.51712, 0.690582, -0.229477
16479.630000001634, 0.543045, 0.782822, -0.217438
16504.879999993136, 0.34758, 0.875443, -0.178558
16530.14999999141, 0.227188, 0.969788, -0.138733
16555.399999997462, 0.163055, 0.99968, -0.03833
16580.650000003516, 0.077576, 1.033401, 0.140594
16605.920000001788, 0.023178, 1.077026, 0.614746
16631.16999999329, 0.084503, 0.974976, 0.132538
16656.439999991562, 0.169861, 0.977722, -0.116943
16681.689999997616, 0.33577, 1.033173, -0.170746
16706.94000000367, 0.392609, 1.025803, -0.143005
16732.21000000194, 0.367218, 0.909622, -0.065338
16757.459999993443, 0.305054, 0.816315, 0.013885
16782.729999991716, 0.294586, 0.870712, 0.055389
16807.97999999777, 0.358734, 1.108307, 0.025635
16833.230000003823, 0.386078, 1.120132, -0.018097
16858.500000002095, 0.384018, 1.117081, -0.04921
16883.749999993597, 0.364105, 1.03038, -0.079987
16909.01999999187, 0.257843, 0.958176, -0.125519
16934.259999994538, 0.105148, 0.905746, -0.088043
16959.51000000059, -0.043808, 0.91069, 0.029938
16984.779999998864, -0.13649, 0.930756, 0.017273
17010.030000004917, -0.232605, 1.015488, -0.088516
17035.30000000319, -0.11676, 1.080322, 0.097168
17060.539999991306, 0.176392, 1.057327, -0.028275
17085.78999999736, 0.232056, 1.034714, -0.077682
17111.059999995632, 0.176956, 1.005051, 0.080963
17136.310000001686, 0.143814, 1.061737, 0.123215
17161.569999996573, 0.098267, 1.041321, 0.032303
17186.820000002626, 0.075729, 1.004059, 0.007309
17212.069999994128, 0.110413, 1.035538, 0.149826
17236.720000000787, 0.088974, 1.035187, 0.168549
17261.960000003455, 0.079437, 1.009827, 0.122467
17287.240000005113, 0.126755, 0.824081, 0.109558
17312.489999996615, 0.148682, 0.837189, 0.09024
17337.74000000267, 0.141617, 0.997635, 0.058365
17363.020000004326, 0.124084, 0.976532, 0.059616
17388.269999995828, 0.15152, 0.875671, 0.096909
17413.5399999941, 0.171265, 1.040115, 0.130875
17438.790000000154, 0.167068, 0.895279, 0.130035
17464.039999991655, 0.128799, 0.936295, 0.064987
17489.31000000448, 0.170486, 0.958374, 0.047379
17514.569999999367, 0.117966, 1.024826, 0.086807
17539.83999999764, -0.004959, 1.138977, 0.032043
17565.090000003693, -0.025757, 0.882202, 0.13942
17590.34999999858, 0.105362, 0.654984, 0.184128
17615.619999996852, 0.101685, 1.164551, 0.070328
17640.870000002906, 0.013626, 1.434845, -0.145279
17666.140000001178, 0.177765, 0.756699, 0.029953
17691.399999996065, 0.199478, 0.640488, 0.019913
17716.65000000212, 0.107254, 1.005325, 0.040726
17741.92000000039, 0.065628, 1.10228, 0.006027
17767.169999991893, 0.013733, 1.109879, -0.048477
17792.440000004717, -0.096039, 1.347931, 0.010834
17817.68999999622, -0.003235, 1.002655, -0.046997
17842.940000002272, 0.027222, 0.805405, -0.088547
17868.210000000545, 0.064697, 0.766357, -0.039017
17893.459999992047, 0.08078, 0.822845, 0.029846
17918.739999993704, 0.08345, 0.823975, -0.036392
17943.989999999758, 0.256348, 0.388428, 0.147171
17969.23999999126, -0.128036, 1.174225, -0.563477
17994.510000004084, -0.254944, 1.136276, -0.524719
18019.780000002356, -0.104141, 0.518417, -0.160278
18045.029999993858, -0.244583, 1.285324, -0.569855
18070.290000003297, 0.00264, 1.403229, -0.316391
18095.5399999948, 0.147232, 0.848083, -0.60701
18120.80999999307, 0.171982, 0.962769, -0.565964
18146.059999999125, -0.038834, 1.225372, -0.342575
18171.329999997397, -0.336288, 1.341827, 0.028687
18196.58000000345, -0.178299, 1.037003, 0.115555
18221.829999994952, 0.218002, 0.670364, -0.108475
18247.099999993225, 0.39772, 0.776596, -0.325577
18272.34999999928, 0.80394, 0.751953, -0.410858
18297.61999999755, 0.394653, 1.025009, -0.141663
18322.870000003604, 0.044128, 1.246094, 0.092056
18348.119999995106, -0.215347, 1.077103, -0.002197
18373.38999999338, -0.643555, 0.952866, -0.103775
18398.629999996047, -1.015839, 0.942764, 0.053574
18423.89999999432, -0.822586, 0.990509, 0.117355
18449.150000000373, -0.36467, 0.793503, 0.121277
18474.39000000304, 0.027084, 0.755249, 0.146576
18499.660000001313, 0.051849, 0.993286, 0.277664
18524.909999992815, 0.016159, 1.203781, 0.303802
18550.179999991087, -0.244308, 0.934723, 0.070969
18575.419999993755, -0.468369, 0.863373, 0.067581
18600.659999996424, -0.530838, 0.864243, 0.200928
18625.929999994696, -0.557159, 0.973328, -0.370361
18651.169999997364, -0.403076, 0.886734, 0.093857
18676.439999995637, -0.372986, 0.968552, 0.28038
18701.69000000169, -0.285156, 0.860916, 0.277267
18726.93000000436, -0.113281, 0.922272, 0.177902
18752.20000000263, -0.167419, 0.970505, -0.013748
18777.439999990747, -0.589432, 0.980179, -0.106232
18802.71000000357, -0.391174, 0.820496, 0.238708
18827.949999991688, -0.298691, 0.877182, 0.268509
18853.19999999774, 0.051956, 0.802628, 0.404007
18878.469999996014, -0.157883, 0.875732, 0.508179
18903.720000002068, -0.307983, 1.130341, 0.504059
18928.99000000034, -0.335419, 1.009384, 0.278198
18954.23999999184, -0.45639, 1.07016, -0.12796
18979.47999999451, -0.098785, 1.051575, -0.260483
19004.749999992782, 0.020874, 1.002701, -0.029617
19029.98999999545, 0.115616, 0.916901, 0.124451
19055.259999993723, 0.185394, 1.128647, 0.149734
19080.509999999776, 0.265106, 1.070755, 0.081879
19105.750000002445, 0.077927, 0.84288, -0.15715
19131.020000000717, -0.083435, 0.945038, -0.02449
19156.260000003385, -0.05542, 1.186493, 0.049057
19181.530000001658, 0.121109, 1.02861, -0.091949
19206.770000004326, 0.616821, 1.171585, -0.282059
19232.019999995828, 0.304092, 0.870056, -0.121674
19257.2899999941, 0.303894, 0.97052, -0.066086
19282.52999999677, 0.11438, 1.28299, 0.296997
19307.79999999504, 0.364273, 1.123016, -0.149109
19333.03999999771, 0.226334, 1.040192, -0.060913
19358.290000003763, 0.146027, 0.99585, -0.108368
19383.54999999865, 0.297028, 0.953003, -0.164246
19408.800000004703, 0.475342, 0.875275, -0.264648
19434.070000002976, 0.464325, 1.068008, -0.371643
19459.309999991092, 0.304642, 1.00415, -0.233643
19484.54999999376, 0.381287, 0.89061, -0.402496
19509.819999992033, 0.455139, 0.911728, -0.306152
19535.069999998086, 0.57843, 0.812424, -0.362335
19560.329999992973, 0.601166, 0.814774, -0.279007
19585.579999999027, 0.584229, 0.869125, -0.258423
19610.820000001695, 0.60965, 0.852921, -0.336807
19636.089999999967, 0.644669, 0.7621, -0.264053
19661.33999999147, 0.838196, 0.748718, -0.136017
19686.610000004293, 0.737137, 0.595551, -0.176773
19711.859999995795, 0.565201, 0.613098, -0.145889
19737.11000000185, 0.433578, 0.95726, -0.551712
19762.369999996736, 0.691589, 0.548172, -0.412476
19787.62000000279, 0.532913, 0.569763, -0.568817
19812.89000000106, 0.512817, 0.545776, -0.319901
19838.13000000373, 0.468414, 0.456161, -0.435715
19863.37999999523, 0.641296, 0.414886, -0.334381
19888.649999993504, 0.689316, 0.397934, -0.451523
19913.889999996172, 0.741028, 0.436493, -0.664993
19939.159999994445, 0.992477, 0.361252, -0.839569
19964.399999997113, 1.342819, 0.064407, -0.915924
19989.650000003166, 1.327133, 0.030609, -1.246902
20014.92000000144, 1.125229, 0.091064, -1.46701
20040.16999999294, 0.793289, 0.062576, -1.518982
20065.439999991213, 0.72113, 0.056808, -1.586426
20090.689999997267, 0.591934, 0.099884, -1.420944
20115.929999999935, 0.262802, 0.310135, -1.295303
20141.199999998207, -0.06044, 0.552475, -1.182434
20166.440000000875, -0.137939, 0.479935, -1.022537
20191.709999999148, -0.269409, 0.446671, -0.74852
20216.95999999065, -0.180939, 0.370667, -0.679825
20242.209999996703, 0.189102, 0.355301, -0.60759
20267.479999994976, 0.234787, 0.091614, -0.773102
20292.73000000103, 0.139297, 0.175308, -0.82486
20317.989999995916, 0.139496, 0.391281, -0.843246
20343.24000000197, 0.279037, 0.179886, -0.712448
20368.48999999347, 0.58696, 0.252243, -1.733231
20393.759999991744, 0.907761, -0.094269, -1.719315
20419.009999997797, 0.328461, 0.081924, -1.244614
20444.27999999607, 0.179688, 0.020569, -0.808762
20469.530000002123, 0.140427, -0.013657, -0.730667
20494.760000001406, 0.125656, -0.080902, -0.730301
20520.040000003064, 0.003006, -0.194336, -0.852509
20545.289999994566, 0.320938, -0.163925, -1.185242
20570.559999992838, 0.451401, -0.189255, -1.111053
20595.80999999889, 0.72702, -0.730438, -0.914688
20621.060000004945, 0.402145, -0.8423, -0.761993
20646.330000003218, -0.091293, -0.732681, -0.571457
20671.589999998105, -0.050674, -0.805176, -0.535934
20696.84999999299, 0.292282, -0.820862, -0.637604
20722.11000000243, 0.334747, -0.729889, -0.555588
20747.3500000051, 0.240082, -0.717422, -0.459412
20772.62000000337, 0.185791, -0.695389, -0.341064
20797.869999994873, 0.2677, -0.726318, -0.325516
20823.139999993145, 0.313522, -0.727768, -0.377518
20848.3899999992, 0.232925, -0.758194, -0.393036
20873.6399999907, 0.14473, -0.742798, -0.308945
20898.910000003525, 0.110535, -0.749695, -0.251511
20924.159999995027, 0.25769, -0.807343, -0.23027
20949.4299999933, 0.095764, -0.807953, -0.356339
20974.679999999353, 0.16124, -0.794708, -0.407425
20999.929999990854, 0.113968, -0.818161, -0.420181
21025.20000000368, 0.032013, -0.855789, -0.390305
21050.44999999518, -0.053192, -0.857773, -0.390259
21075.71000000462, -0.074692, -0.889267, -0.433014
21100.969999999506, -0.064301, -0.895111, -0.485916
21126.219999991008, 0.016647, -0.890167, -0.552979
21151.490000003832, -0.039215, -0.895599, -0.54863
21176.739999995334, -0.001877, -0.87941, -0.473785
21202.009999993606, 0.056305, -0.899796, -0.438385
21227.25999999966, 0.049484, -0.91629, -0.593826
21252.50000000233, 0.023575, -0.930542, -0.553406
21277.780000003986, -0.066879, -0.968704, -0.449127
21303.029999995488, 0.029007, -0.934204, -0.384659
21328.29999999376, 0.025101, -0.885834, -0.413025
21353.5600000032, -0.102264, -0.950363, -0.315414
21378.8099999947, -0.17923, -0.850906, -0.310867
21404.079999992973, -0.128906, -0.933823, -0.416855
21429.340000002412, -0.02536, -0.923126, -0.286041
21454.610000000685, -0.037689, -0.945297, -0.28566
21479.859999992186, -0.097549, -0.931168, -0.364365
21505.10999999824, -0.142212, -0.933029, -0.357834
21530.379999996512, -0.222015, -0.915115, -0.438766
21555.6399999914, -0.168289, -0.864548, -0.245087
21580.910000004224, -0.269196, -0.831131, -0.160934
21606.159999995725, -0.126343, -0.797394, -0.252197
21631.41000000178, 0.036423, -0.807343, -0.372559
21656.68000000005, 0.050842, -0.735199, -0.581406
21681.929999991553, 0.026733, -0.703278, -0.694534
21707.200000004377, 0.050232, -0.649429, -0.819809
21732.44999999588, 0.056885, -0.700363, -0.834366
21757.700000001932, 0.028091, -0.736115, -0.787262
21782.970000000205, -0.037521, -0.722412, -0.814087
21808.219999991707, -0.015472, -0.650757, -0.950668
21833.49000000453, 0.041077, -0.669479, -0.876038
21858.739999996033, 0.027649, -0.642776, -0.859589
21883.990000002086, -0.032883, -0.679245, -0.862091
21909.26000000036, -0.063873, -0.690262, -0.85849
21934.50999999186, -0.049057, -0.678192, -0.790176
21959.780000004685, -0.023438, -0.565735, -0.754089
21985.029999996186, 0.00563, -0.671829, -0.771957
22010.28000000224, 0.069489, -0.771286, -0.755676
22035.560000003898, 0.127701, -0.67952, -0.753937
22060.8099999954, 0.17038, -0.744064, -0.755096
22086.07999999367, 0.214432, -0.719009, -0.723175
22111.329999999725, 0.070053, -0.662888, -0.772141
22136.579999991227, 0.038101, -0.635071, -0.727783
22161.85000000405, 0.034622, -0.669434, -0.692627
22187.099999995553, 0.056, -0.696976, -0.727737
22212.37999999721, 0.098862, -0.710327, -0.702255
22237.47999999614, 0.103149, -0.705353, -0.736664
22262.730000002193, 0.081116, -0.689743, -0.783752
22288.01000000385, 0.075378, -0.713501, -0.736374
22313.259999995353, 0.121796, -0.738419, -0.654175
22338.529999993625, 0.157181, -0.730118, -0.723343
22363.790000003064, 0.149628, -0.716019, -0.745773
22389.039999994566, 0.19249, -0.712784, -0.633911
22414.319999996223, 0.191162, -0.775787, -0.697037
22439.570000002277, 0.136963, -0.682663, -0.758362
22464.850000003935, 0.162781, -0.695801, -0.776749

