time(ms),x-accel,y-accel,z-accel
0.0,0.085571,-1.002472,-0.106659
27160.000001458684,0.042648,-0.998749,-0.120621
54310.00000316999,0.067596,-0.997543,-0.130157
81470.0000009907,0.08226,-0.993469,-0.141449
108620.000002702,0.064041,-1.002228,-0.142166
135809.99999976484,0.055832,-1.001266,-0.134171
162970.00000122353,0.054123,-0.997498,-0.134552
190110.00000318745,0.056732,-0.997375,-0.141647
217260.00000126078,0.054977,-0.999023,-0.137711
244410.00000297208,0.062317,-1.000046,-0.137833
271600.0000000349,0.059891,-1.004349,-0.126282
298750.00000174623,0.055435,-1.002411,-0.13797
325890.0000000722,0.05629,-0.999847,-0.136963
353040.0000017835,0.055832,-0.990158,-0.144348
380189.9999998568,0.054672,-0.996658,-0.134354
407370.00000081025,0.053314,-0.996887,-0.145981
434520.00000252156,0.064728,-0.999008,-0.136185
461670.0000005949,0.054276,-0.995712,-0.138596
488810.0000025588,0.054199,-0.999237,-0.135574
515970.0000003795,0.062637,-1.000824,-0.145416
543150.000001333,0.05217,-0.998734,-0.137283
570300.0000030443,0.053192,-0.997604,-0.143967
597450.0000011176,0.053116,-0.995026,-0.141983
624600.0000028289,0.054276,-1.003448,-0.138031
651750.0000009022,0.053528,-0.997177,-0.147919
678940.000001603,0.051071,-1.001068,-0.142456
706089.9999996764,0.053787,-0.998352,-0.143173
733240.0000013877,0.054016,-1.003815,-0.143539
760390.000003099,0.05307,-1.000122,-0.14743
787550.0000009197,0.04538,-1.007904,-0.145813
814730.0000018731,0.053482,-0.998901,-0.157028
841879.9999999464,0.053772,-1.003845,-0.149857
869030.0000016578,0.051193,-0.995361,-0.143677
896179.9999997311,0.053726,-0.992767,-0.143112
923330.0000014424,0.053589,-0.998169,-0.136581
950510.0000023958,0.053574,-0.997665,-0.135086
977670.0000002165,0.053497,-0.99585,-0.133881
1004820.0000019278,0.037338,-0.998917,-0.149445
1031979.9999997485,0.040451,-1.005325,-0.143112
1059130.0000014598,0.052002,-1.001236,-0.154663
1086320.0000021607,0.052673,-0.989182,-0.156616
1113470.000000234,0.041733,-1.004852,-0.147415
1140620.0000019453,0.045959,-0.997086,-0.154724
1167779.999999766,0.045593,-1.00386,-0.134048
1194930.0000014773,0.044617,-0.999619,-0.156509
1222120.0000021781,0.046432,-0.994125,-0.16684
1249270.0000002515,0.049377,-1.004837,-0.169022
1276420.0000019628,0.054855,-1.017609,-0.177719
1303570.000000036,0.051544,-0.935394,-0.379227
1330730.0000014948,0.059464,-0.970154,-0.124847
1357920.0000021956,0.087357,-1.043503,0.064011
1385070.000000269,0.051666,-1.021957,0.096207
1412220.0000019802,-0.019882,-1.017578,-0.007797
1439370.0000000536,0.046143,-1.015808,-0.031845
1466520.0000017649,0.072586,-1.001587,-0.06868
1493700.0000027183,0.055679,-1.00322,-0.077621
1520850.0000007916,0.041489,-1.015213,-0.061096
1548000.000002503,0.034378,-1.014801,-0.024689
1575150.0000005763,0.039642,-1.005249,-0.028748
1602290.0000025402,0.040009,-1.011703,-0.037155
1629480.000003241,0.033783,-1.016556,-0.032135
1656630.0000013143,0.041962,-1.022217,-0.008392
1683780.0000030256,0.046448,-1.004944,0.006393
1710930.000001099,-0.002792,-1.026703,0.001251
1738080.0000028103,-0.013092,-1.043839,0.011047
1765269.999999873,0.020813,-1.029419,0.02005
1792420.0000015844,0.117447,-1.035385,0.098618
1819569.9999996577,0.376694,-1.09935,0.203522
1846720.000001369,0.392395,-1.063614,0.320953
1873870.0000030803,0.053589,-1.040314,0.159485
1901060.0000001432,-0.154068,-0.908325,0.133011
1928210.0000018545,-0.192337,-0.833221,0.062302
1955359.9999999278,-0.193893,-0.801865,0.066269
1982510.0000016391,-0.20224,-0.863892,0.084259
2009670.0000030978,-0.116821,-1.025986,0.088806
2036860.0000001607,-0.036346,-1.065369,0.02359
2064010.000001872,0.022034,-1.02832,0.001282
2091159.9999999453,-0.012772,-1.139587,0.042419
2118310.000001657,-0.179565,-1.023163,-0.150421
2145459.99999973,-0.169968,-1.099609,-0.04567
2172510.0000003297,0.008575,-1.0905,0.170227
2199660.0000020405,0.202774,-0.963272,0.297989
2226810.000000114,0.274963,-0.900574,0.249603
2253970.000001573,0.085815,-0.740875,0.193115
2281119.999999646,0.078537,-0.827942,0.079498
2308310.000000347,-0.555573,-1.056747,-0.126282
2335460.000002058,-0.579559,-1.177002,-0.321793
2362610.0000001313,-0.295059,-1.087631,-0.12442
2389760.000001843,-0.027069,-1.086716,0.231476
2416909.999999916,-0.193069,-1.030304,0.331238
2444090.00000087,-0.327286,-0.988144,0.037445
2471250.0000023283,-0.121567,-0.996628,-0.046585
2498400.0000004014,0.102295,-1.00174,0.080856
2525550.000002113,-0.025162,-1.011459,0.086609
2552700.0000001863,-0.190247,-0.992737,-0.019348
2579880.00000114,-0.099304,-1.034515,0.071457
2607030.000002851,-0.03598,-1.021103,0.131165
2634190.0000006715,-0.09671,-1.008484,0.05014
2661340.0000023833,-0.084366,-1.000717,-0.001953
2688490.0000004563,-0.030792,-1.024231,0.010513
2715680.000001157,-0.017548,-0.991806,0.1026
2742830.0000028685,-0.044037,-1.014221,0.081055
2769980.0000009416,-3.05E-4,-0.994751,0.067307
2797130.0000026533,-0.01947,-1.004807,7.93E-4
2824280.0000007264,-0.030197,-0.994263,-0.027115
2851460.00000168,0.024887,-0.963943,-0.005814
2878609.999999753,0.022354,-1.006531,0.004227
2905760.0000014645,-0.010666,-0.999084,0.03183
2932910.000003176,0.002548,-0.985748,0.04982
2960050.0000015018,-0.027496,-1.03688,-0.008163
2987240.0000022026,0.017456,-0.994476,0.052109
3014390.0000002757,-0.004532,-1.026611,-0.007126
3041540.0000019874,-0.028305,-1.036819,-0.029099
3068690.0000000605,-0.0979,-1.067627,0.078079
3095840.000001772,-0.042572,-0.983475,0.008148
3123030.0000024727,0.026596,-0.99408,-0.053513
3150170.0000007986,-0.002869,-1.009537,0.011963
3177320.00000251,-0.040283,-0.993484,0.001053
3204470.000000583,0.03447,-1.006668,0.012085
3231620.000002295,0.033783,-0.991638,0.00325
3258810.000002995,-0.005432,-0.955292,-0.077576
3285960.0000010687,0.100159,-1.061371,0.034012
3313110.00000278,0.034149,-1.01889,0.107117
3340260.000000853,-0.081039,-1.029282,-0.046173
3367410.000002565,0.057419,-1.009689,-0.002457
3394600.000003265,0.02594,-0.999786,-0.051376
3421750.000001339,0.033707,-1.022018,0.034897
3448900.00000305,0.036255,-1.006607,-5.95E-4
3476050.000001123,0.032257,-1.008209,-0.04805
3503200.000002835,0.047562,-0.994949,-0.013229
3530389.9999998976,0.060089,-1.014053,0.036484
3557540.000001609,0.084045,-1.007843,0.046692
3584689.9999996824,0.093674,-1.006393,0.022614
3611850.000001141,0.079514,-1.022232,0.033173
3639000.000002852,0.05191,-1.001511,0.028061
3666189.9999999152,0.053055,-1.003601,-0.009109
3693340.000001626,0.090073,-1.016632,0.02597
3720489.9999996996,0.090164,-0.99826,0.041153
3747640.000001411,0.080246,-1.012131,0.025757
3774790.0000031223,0.055679,-1.016373,0.004288
3801980.0000001853,0.073105,-1.024338,0.027527
3829130.000001896,0.151566,-1.016388,0.118988
3856270.0000002226,0.163315,-1.030167,0.119415
3883420.0000019334,0.176483,-1.037231,0.123322
3910570.000000007,0.169373,-1.036331,0.139481
3937760.000000708,0.19429,-1.048096,0.210358
3964910.000002419,0.187714,-1.068024,0.118713
3992060.0000004927,0.188629,-1.10527,0.100067
4019210.0000022035,0.172684,-1.126282,0.20665
4046360.000000277,0.165985,-1.114441,0.407379
4073550.000000978,0.0793,-1.287888,0.154724
4100690.000002942,0.065521,-1.348984,0.151062
4127850.0000007628,0.144653,-1.23912,0.077194
4154990.0000027264,0.666794,-1.358139,0.353745
4182140.0000008,0.623932,-1.191269,0.05191
4209330.0000015,0.512482,-0.687668,0.182129
4236469.999999827,0.230286,-0.573853,0.05838
4263620.000001538,-0.010284,-0.572449,-0.228729
4290759.999999864,-0.14238,-0.334335,0.016266
4317910.000001575,0.025177,-0.46553,0.239944
4345100.000002276,0.327911,-0.796249,0.06485
4372250.000000349,0.270676,-0.614883,0.055618
4399400.00000206,0.222733,-0.82608,0.064651
4426550.000000134,0.218719,-1.022034,0.111618
4453710.000001593,0.305069,-1.170044,0.115356
4480900.000002293,0.423538,-1.477066,0.124603
4508050.000000367,0.303467,-1.412918,0.217285
4535190.00000233,0.147308,-1.437744,0.201797
4562350.000000151,0.03537,-1.465103,0.270279
4589500.000001863,0.373032,-1.47226,0.721527
4616680.000002816,0.514038,-1.117523,0.423401
4643830.000000889,0.126968,-0.938446,0.201248
4670980.0000026,0.56926,-0.620956,0.591034
4698130.000000674,0.788589,-0.648804,0.284256
4725280.000002385,0.61882,-0.848251,0.174011
4752470.000003086,0.139206,-1.592834,0.179642
4779620.0000011595,-0.30426,-1.19548,-0.086243
4806770.00000287,-0.590363,-1.357468,-0.64772
4833920.000000944,-0.054932,-1.421738,-0.10498
4861070.000002655,0.494995,-1.280762,1.107224
4888259.999999719,-0.090179,-1.06221,0.469131
4915410.00000143,-0.467377,-0.838409,-0.239609
4942560.00000314,-0.533661,-0.723724,-0.599442
4969710.000001214,-0.120895,-0.973633,-0.542404
4996860.000002925,0.055618,-0.987167,-0.221771
5024049.999999989,-0.060501,-0.99675,0.14325
5051200.0000017,-0.245682,-1.050766,0.372238
5078349.999999773,-0.231049,-1.082458,0.024506
5105500.0000014845,-0.106491,-1.004684,-0.057114
5132650.000003195,-0.164291,-0.957062,-0.054184
5159840.000000259,-0.183151,-1.018143,-0.04306
5186990.00000197,-0.163971,-1.013885,0.001389
5214140.000000043,-0.075623,-1.029099,0.078842
5241290.000001755,0.042969,-1.014206,0.171722
5268450.000003213,0.159943,-1.029861,0.212341
5295630.000000529,0.159317,-1.008774,0.164658
5322790.000001987,0.095413,-1.031967,0.0578
5349940.000000061,0.031326,-1.130264,0.131805
5377090.000001771,0.026993,-1.124161,0.22345
5404239.999999845,0.04982,-1.046814,0.299347
5431430.000000546,0.140045,-1.168488,0.354034
5458590.000002004,0.063309,-1.223923,0.12384
5485740.000000078,0.015747,-1.299942,0.105316
5512890.000001789,-0.049301,-1.615967,-0.064163
5540039.999999862,0.078629,-1.54924,-0.041885
5567230.000000563,0.674179,-1.584091,0.049026
5594390.000002022,0.557678,-1.136398,-0.165543
5621540.000000095,0.147659,-0.63649,-0.272385
5648690.000001807,-0.294235,-0.985291,-0.372772
5675830.000000132,-0.449539,-0.491394,-0.056702
5703030.000000581,-0.044968,-0.761566,0.244781
5730170.000002544,0.189255,-0.821289,0.158493
5757310.000000871,0.209,-0.827133,0.240875
5784480.000002077,0.448166,-1.019287,0.302277
5811630.00000015,0.037659,-1.157135,0.111633
5838820.000000851,0.100266,-1.30838,0.102921
5865970.000002562,0.159332,-1.464035,0.181763
5893120.000000635,0.093353,-1.57724,0.22934
5920270.000002347,0.084106,-1.755096,0.46489
5947430.000000168,0.047592,-1.116516,0.588394
5974610.000001121,0.317673,-1.134201,0.782166
6001760.000002832,0.867401,-0.832809,1.344543
6028920.000000653,1.343857,-0.252426,1.37648
6056070.000002365,1.913147,-0.6427,0.494278
6083230.000000185,0.844849,-1.520813,-0.930145
6110420.000000886,-0.330246,-1.274231,-0.389114
6137570.000002597,0.300217,-2.452805,0.831985
6164730.000000418,-0.10675,-1.006821,1.645798
6191880.000002129,-0.520462,-0.720795,-0.411041
6219030.000000203,-0.456116,-0.653061,-0.755783
6246220.000000903,0.044861,-0.89209,-1.276672
6273380.000002362,0.195099,-0.992249,-0.332932
6300530.000000436,0.028824,-1.031021,-0.046234
6327680.000002147,-0.195663,-1.005173,0.364899
6354830.00000022,-0.213806,-1.086945,0.333588
6382010.0000011735,-0.452698,-0.914688,-0.404297
6409170.000002632,0.694824,-0.712311,1.892578
6436320.000000706,0.572693,-1.135483,0.080124
6463470.000002417,0.437607,-0.907181,-0.384979
6490630.0000002375,0.23204,-1.101349,-0.215118
6517810.000001191,0.0681,-1.063721,0.333115
6544960.000002902,-0.117798,-1.064392,0.250763
6572110.000000976,-0.053726,-0.97699,-0.053864
6599270.0000024345,0.180588,-1.013107,0.109802
6626420.000000508,0.184433,-1.048096,0.122803
6653610.000001209,0.051102,-1.115936,0.147385
6680760.00000292,-0.03772,-1.283524,0.110077
6707920.00000074,-0.09436,-1.124405,0.18277
6735070.000002451,-0.388489,-1.50415,-0.267868
6762220.000000525,-0.097275,-1.434341,0.320999
6789410.000001226,0.654556,-1.902451,0.512711
6816560.000002937,1.344116,-1.537292,0.16449
6843720.000000758,1.485168,-1.85025,-0.54129
6870870.000002469,0.192688,-0.599121,-0.439575
6898020.000000542,-0.490524,-0.235062,-0.158218
6925200.000001496,-0.657791,-0.089966,0.639633
6952350.0000032075,-0.458023,-0.39151,0.276093
6979500.000001281,-0.116501,-0.581894,0.028748
7006650.000002991,0.395416,-1.071075,0.166901
7033800.000001065,0.504471,-1.110184,0.304581
7060990.000001766,0.511154,-1.408493,0.340164
7088139.99999984,0.351028,-1.655319,0.333344
7115290.000001551,0.173096,-1.960007,0.309479
7142440.0000032615,0.012924,-2.021454,0.352539
7169420.000001992,0.058502,-1.549164,0.784256
7196610.000002692,0.317215,-0.979187,1.018265
7223770.000000513,1.025513,-0.337234,1.79921
7250920.000002225,1.25322,0.075333,1.065781
7278070.000000298,1.743088,-2.089813,0.121994
7305230.0000017565,0.908936,-1.129089,-1.026871
7332410.00000271,-0.043839,-1.101089,-0.173141
7359570.000000531,-0.335403,-2.490051,2.458939
7386720.000002243,-0.983856,-1.115799,1.173096
7413870.000000316,-0.476303,-1.107513,-0.251404
7441020.000002027,-0.194794,-0.909225,-0.71814
7468210.000002728,0.21904,-1.012512,-0.560806
7495360.000000801,0.045227,-1.056015,0.020615
7522510.000002513,-0.240646,-0.996078,0.225464
7549660.000000586,-0.28952,-0.985214,-0.146088
7576810.000002297,-0.014893,-1.057083,-0.206055
7604000.000002998,-0.004135,-1.168839,0.053848
7631150.000001071,-0.071762,-1.111465,0.303329
7658300.000002783,-0.081161,-1.070236,0.089539
7685450.000000856,-0.079239,-1.007584,0.001312
7712590.00000282,-0.016495,-0.983139,0.084335
7739779.999999883,0.078247,-0.954056,0.14801
7766930.0000015935,0.104858,-1.046295,0.065399
7794079.999999667,0.006989,-1.082123,0.138336
7821230.000001378,-0.107468,-1.02951,0.178223
7848380.00000309,-0.223587,-1.165619,0.15802
7875570.000000153,-0.366577,-1.494247,-0.001602
7902710.000002116,-0.273819,-1.47937,-0.070312
7929869.999999937,-0.002487,-1.263901,0.238602
7957020.000001648,0.558945,-1.988922,0.405197
7984169.999999722,1.343536,-2.101074,0.336502
8011360.000000423,1.375885,-1.260773,-0.334732
8038510.000002134,0.576157,-1.065994,-0.493408
8065669.999999954,-0.180115,-0.198395,-0.220749
8092810.0000019185,-0.61937,-0.063843,0.389999
8119969.999999739,-0.631027,-0.519363,0.366791
8147160.00000044,-0.155914,-1.043182,0.239487
8174310.000002151,0.154892,-0.910339,0.341187
8201460.000000224,0.2565,-1.169724,0.3452
8228610.000001936,0.215103,-1.446274,0.374756
8255750.000000262,0.075073,-1.687149,0.439651
8282950.00000071,-0.103195,-1.907013,0.38591
8310100.000002421,-0.239395,-2.041016,0.419479
8337250.0000004945,-0.025772,-1.5354,1.093536
8364400.000002206,0.677322,-0.842026,1.725327
8391550.00000028,1.354034,-0.289169,1.99144
8418730.000001233,1.472855,-0.085709,0.98732
8445880.000002945,1.272354,-1.375351,-0.280853
8473030.000001017,-0.295609,-2.035782,-3.260651
8500170.000002982,-0.070465,-1.394623,-0.025681
8527320.000001054,-0.115524,-2.582504,2.890381
8554510.000001755,-0.593506,-0.892929,0.343658
8581659.999999829,-0.396805,-1.014618,-0.200104
8608810.00000154,-0.2948,-0.684494,-0.75824
8635949.999999866,-0.010956,-0.882401,-0.89595
8663100.000001578,0.159027,-1.084488,-0.416031
8690280.000002531,-0.020111,-0.96051,0.036697
8717440.000000352,-0.232498,-1.010239,0.164841
8744590.000002064,-0.254593,-1.013214,-0.046585
8771730.00000039,-0.127014,-1.040771,-0.108627
8798880.000002101,-0.027344,-1.031662,0.016418
8826070.000002801,0.031876,-1.057404,0.148575
8853220.000000874,0.029785,-1.047012,0.214279
8880370.000002585,-0.052887,-1.00528,0.172806
8907530.000000406,-0.039368,-1.019608,0.058914
8934670.00000237,-0.019089,-1.060486,0.028534
8961860.000003072,-0.048737,-1.107727,0.015091
8989010.000001144,-0.180008,-1.078293,0.170547
9016160.000002855,-0.233719,-1.240646,0.177872
9043310.00000093,-0.326599,-1.352631,-0.092575
9070450.000002893,-0.321838,-1.219543,-0.020721
9097639.999999955,-0.248169,-1.870148,-0.386459
9124790.000001667,0.238434,-1.556046,0.34285
9151939.999999741,1.416412,-3.219925,0.503738
9179080.000001704,0.551315,-0.515686,-0.224731
9206240.000003163,0.910904,-1.672104,-0.505203
9233420.000000479,-0.108673,-0.232971,-0.503571
9260570.00000219,-0.592712,-0.029388,-0.406784
9287720.000000263,-0.564651,-0.466461,0.058868
9314870.000001974,-0.088699,-0.989853,0.237091
9342020.000000048,0.21344,-1.011749,0.426071
9369210.000000749,0.349869,-1.331085,0.383148
9396360.00000246,0.342987,-1.501709,0.285767
9423510.000000533,0.28714,-1.641708,0.242844
9450660.000002244,0.153915,-1.942383,0.329102
9477810.000000319,0.004288,-1.878708,0.633926
9504990.00000127,0.475311,-1.281448,1.237091
9532140.000002982,0.92691,-0.814484,1.409225
9559290.000001056,1.407471,-0.329407,1.450058
9586440.000002768,1.386871,-0.334396,0.804718
9613580.000001093,1.199844,-0.943344,0.099854
9640770.000001794,0.006836,-1.871613,-0.778976
9667910.00000012,-0.558105,-2.961594,0.28096
9695070.00000158,-0.775162,-0.723831,2.170685
9722219.999999652,-0.523392,-1.149292,0.314117
9749370.000001363,-0.217682,-0.639877,-0.688843
9776560.000002064,0.041519,-0.970322,-0.933731
9803710.000000138,0.150131,-1.100296,-0.367264
9830860.000001848,-0.128693,-1.010208,0.05867
9858009.999999922,-0.310028,-1.030594,0.163773
9885160.000001634,-0.253876,-1.077682,-0.066528
9912350.000002334,-0.08429,-1.035019,-0.041595
9939490.00000066,-0.01004,-1.04126,0.061584
9966640.000002371,0.040756,-1.004562,0.04274
9993790.000000445,0.017365,-0.959335,-0.051895
1.0020950000001904E7,0.00296,-0.938889,0.045517
1.0048130000002857E7,0.013214,-0.969986,0.147705
1.007528000000093E7,-0.033615,-1.074265,0.007812
1.0102430000002641E7,-0.089584,-1.076965,-0.03067
1.0129580000000715E7,-0.183701,-1.028519,0.143265
1.0156730000002425E7,-0.21463,-1.155762,0.387222
1.0183920000003127E7,-0.4104,-1.411545,-0.057098
1.02110700000012E7,-0.532654,-1.552902,-0.151382
1.0238220000002911E7,-0.298004,-1.65802,-0.182846
1.0265370000000985E7,0.727005,-2.242661,0.13504
1.0292530000002444E7,1.481354,-1.802032,0.573364
1.0319720000003144E7,0.880295,-1.30838,-0.458908
1.0346870000001218E7,0.227936,-0.600403,-0.546875
1.0374020000002928E7,-0.401596,-0.059296,-0.25264
1.0401170000001002E7,-0.632263,-0.125214,0.013535
1.0428210000001855E7,-0.520874,-0.669174,0.047714
1.0455509999999776E7,-0.07991,-1.064941,0.387421
1.0482660000001488E7,0.041336,-1.232101,0.285187
1.05098100000032E7,0.163773,-1.496368,0.306259
1.053697000000102E7,0.178009,-1.621811,0.193863
1.056412000000273E7,0.051987,-1.856552,0.366638
1.0591300000000047E7,0.108185,-1.922302,0.489655
1.0618450000001758E7,0.370346,-1.594086,1.063599
1.064559999999983E7,0.602615,-0.72879,1.067291
1.0672750000001542E7,1.164368,-0.607864,1.404938
1.0699900000003254E7,1.289902,-0.285538,1.048248
1.0727100000000063E7,1.228912,-1.745621,0.345871
1.075423000000228E7,0.682526,-0.989441,-0.073959
1.078139999999985E7,-0.613007,-1.004333,-0.115646
1.080855000000156E7,-0.529327,-2.926712,1.011688
1.083571000000302E7,-0.531128,-0.981445,1.678009
1.0862890000000333E7,-0.404663,-0.768051,-0.322861
1.0890040000002045E7,-0.17337,-0.914871,-0.954758
1.0917199999999866E7,0.178864,-0.984085,-0.300476
1.0944350000001578E7,-0.051422,-1.056427,0.226578
1.097149999999965E7,-0.266174,-1.020508,0.147934
1.0998680000000603E7,-0.228668,-1.060318,-0.216293
1.1025830000002315E7,-0.099823,-1.017853,-0.011047
1.1052990000000136E7,-0.082169,-1.029968,0.011826
1.1080140000001848E7,0.057449,-1.012894,0.094452
1.1107289999999922E7,0.026077,-0.993042,-0.051758
1.1134470000000874E7,-0.005936,-0.968246,0.038406
1.1161620000002585E7,-0.024246,-1.025742,0.191483
1.1188780000000406E7,-0.048721,-1.051941,0.11409
1.1215930000002118E7,-0.101669,-1.057953,0.070999
1.124308000000019E7,-0.137192,-1.035233,0.202209
1.1270260000001144E7,-0.201859,-1.212143,0.215118
1.1297410000002855E7,-0.495071,-1.457657,-0.19249
1.132456000000093E7,-0.416428,-1.469269,-0.005554
1.1351710000002641E7,-0.182617,-1.599579,0.05368
1.1378860000000713E7,0.666946,-2.300659,0.385941
1.1406050000001414E7,1.221329,-1.596527,0.556992
1.1433200000003126E7,1.081345,-1.65332,-0.546677
1.1460360000000946E7,0.472214,-0.963516,-0.686508
1.1487510000002658E7,-0.397781,-0.252731,-0.502609
1.1514650000000983E7,-0.580231,-0.209106,0.035583
1.1541840000001684E7,-0.501892,-0.396561,0.32045
1.1568989999999758E7,0.107986,-0.912094,0.361115
1.159614000000147E7,0.1931,-0.929306,0.137161
1.1623300000002928E7,0.309174,-1.282242,0.283646
1.1650450000001002E7,0.391006,-1.565491,0.366608
1.1677630000001954E7,0.300095,-1.805527,0.304199
1.1704780000000028E7,0.156479,-2.138687,0.251633
1.173193000000174E7,-0.068756,-2.211105,0.557281
1.1759079999999812E7,0.25,-1.188278,1.506104
1.178624000000127E7,1.239792,-0.648087,2.343491
1.1813420000002224E7,1.567886,0.192261,1.516098
1.1840570000000298E7,1.700546,-0.931763,0.580444
1.186772000000201E7,0.116806,-1.805084,-1.618622
1.1894870000000082E7,-0.22731,-0.781998,-0.190323
1.1922020000001794E7,0.021683,-2.3582,1.384811
1.1949210000002494E7,-0.502869,-0.999954,1.426208
1.1976360000000568E7,-0.384155,-1.136429,0.02533
1.200351000000228E7,-0.244705,-0.860123,-0.470383
1.2030660000000352E7,-0.25441,-0.869461,-0.816315
1.2057810000002064E7,-0.022888,-1.02269,-0.583099
1.2084990000003017E7,0.024307,-1.014008,-0.141464
1.2112140000001092E7,-0.138489,-1.029541,0.122971
1.2139290000002801E7,-0.284912,-0.999405,0.064285
1.2166290000001026E7,-0.216599,-1.058762,-0.19075
1.2193440000002738E7,0.003845,-1.015625,0.068481
1.2220620000000054E7,0.053711,-1.027695,0.108383
1.2247770000001766E7,-0.013779,-1.014069,0.143845
1.2274930000003224E7,-0.016434,-0.992279,0.10907
1.2302080000001296E7,-0.052353,-1.059433,0.03891
1.2329230000003008E7,-0.121674,-1.112305,-0.050964
1.235642000000007E7,-0.180939,-1.092575,0.116409
1.2383570000001783E7,-0.308884,-1.224335,0.231094
1.2410719999999855E7,-0.436188,-1.366806,-0.039978
1.243786000000182E7,-0.53035,-1.700119,-0.185867
1.2465009999999892E7,-0.433823,-1.468307,-0.247711
1.2492200000000594E7,0.240738,-1.66185,0.125046
1.2519340000002557E7,1.708099,-2.551208,0.679108
1.2546490000000631E7,0.89502,-1.530563,-0.590393
1.257365000000209E7,0.801956,-1.284088,-0.620392
1.2600790000000415E7,-0.080536,-0.200699,-0.400177
1.2627970000001369E7,-0.392303,-0.120193,-0.02771
1.265512000000308E7,-0.48645,-0.293915,0.499908
1.2682270000001153E7,-0.154373,-0.970245,0.253784
1.2709420000002865E7,0.032837,-0.92189,0.132797
1.2736570000000939E7,0.123215,-1.05336,0.196411
1.2763750000001892E7,0.175064,-1.475327,0.351486
1.2790899999999965E7,0.255768,-1.783066,0.54071
1.2818050000001676E7,0.097244,-1.940704,0.42865
1.2845190000000002E7,0.089401,-2.118134,0.565384
1.2872340000001714E7,0.311935,-1.486984,1.206284
1.2899530000002414E7,0.853973,-0.76889,1.463669
1.2926680000000488E7,1.925766,-0.312881,2.269058
1.29538300000022E7,1.539505,-0.189163,0.778122
1.2980980000000272E7,0.763702,-1.699097,-0.681961
1.3008120000002237E7,-0.167511,-1.29335,-1.140259
1.3035310000002937E7,0.008392,-1.410706,0.599899
1.306246000000101E7,-0.544373,-3.141693,2.626785
1.3089610000002721E7,-0.513885,-0.766068,0.100281
1.3116760000000795E7,-0.238113,-1.041229,-0.37944
1.3143910000002507E7,-0.224365,-1.027588,-0.690262
1.3171089999999821E7,-0.023331,-1.00293,-0.390503
1.3198240000001533E7,4.88E-4,-1.012604,-0.060318
1.3225379999999858E7,-0.159729,-1.008286,0.010971
1.3252540000001319E7,-0.230194,-1.036179,-0.104645
1.3279690000003029E7,-0.165344,-1.028137,-0.114456
1.3306870000000345E7,0.155487,-1.015289,0.248703
1.3334020000002056E7,0.03009,-1.021545,0.025558
1.3361170000000129E7,-0.068344,-0.982101,-0.126389
1.338832000000184E7,-0.043686,-0.958817,0.095215
1.3415469999999914E7,-0.022049,-1.065262,0.099228
1.3442660000000615E7,-0.051086,-1.105957,0.029083
1.3469800000002578E7,-0.205231,-1.137009,0.044662
1.3496960000000399E7,-0.311554,-1.184296,0.216232
1.352411000000211E7,-0.470413,-1.483185,0.062424
1.3551250000000436E7,-0.491806,-1.477188,-0.174667
1.3578440000001138E7,-0.140381,-1.802155,-0.174286
1.3605590000002848E7,0.460129,-1.998764,0.497772
1.3632730000001175E7,1.252716,-2.402206,0.610748
1.3659880000002885E7,0.477768,-0.942474,-0.533722
1.368703000000096E7,0.496841,-1.002594,-0.594223
1.3714210000001913E7,-0.225815,-0.295059,-0.578018
1.3741359999999985E7,-0.294403,-0.244965,-0.143066
1.3768510000001697E7,-0.043213,-0.465347,0.379272
1.379565999999977E7,0.135498,-0.812531,0.422913
1.3822810000001483E7,0.198288,-0.901108,0.226913
1.3849990000002436E7,0.335724,-1.147736,0.412354
1.3877140000000509E7,0.160156,-1.378723,0.331223
1.390429000000222E7,0.204407,-1.712723,0.287369
1.3931440000000294E7,0.049042,-2.028442,0.213821
1.3958590000002004E7,0.010437,-2.468109,0.956299
1.3985780000002705E7,0.249161,-0.97731,1.474915
1.4012930000000779E7,1.458038,-0.745193,2.036789
1.404008000000249E7,1.701004,0.104813,1.279144
1.4067230000000563E7,1.851334,-1.177032,0.258148
1.4094380000002274E7,0.106644,-1.57106,-1.86673
1.4121560000003228E7,-0.29306,-0.783142,-0.267273
1.4148710000001302E7,-0.318527,-2.212082,1.398529
1.4175860000003014E7,-0.329544,-0.815247,1.357727
1.420300000000134E7,-0.179489,-1.048355,-0.062927
1.4230139999999665E7,-0.342514,-0.899597,-0.65834
1.4257330000000365E7,-0.069717,-1.045059,-0.3918
1.428447000000233E7,-0.056473,-1.134583,0.269653
1.4311620000000402E7,-0.162323,-1.025345,0.324982
1.4338770000002114E7,-0.131714,-0.980606,-0.307861
1.436591000000044E7,-0.107941,-0.979599,-0.409561
1.439310000000114E7,-0.100403,-1.0354,-0.062103
1.4420240000003105E7,-0.022598,-1.041992,0.346313
1.4447400000000926E7,-0.01265,-1.029922,0.284409
1.4474550000002638E7,-0.002548,-0.957977,-0.09761
1.450170000000071E7,0.055771,-0.914841,-0.124191
1.4528880000001663E7,0.123047,-0.962402,0.021454
1.4556040000003122E7,0.11879,-1.040283,0.02124
1.4583190000001196E7,-0.068344,-1.059067,0.087021
1.4610350000002654E7,-0.175659,-1.070877,0.182892
1.4637500000000728E7,-0.244644,-1.199448,0.168076
1.4664690000001429E7,-0.320572,-1.360275,-0.092514
1.4691850000002887E7,-0.453445,-1.274109,0.007507
1.4719000000000961E7,-0.265564,-1.662598,0.059967
1.4746150000002671E7,-0.003723,-1.422714,0.566574
1.4773300000000745E7,1.163376,-3.181229,1.015579
1.4800490000001445E7,0.840576,-0.365585,0.135391
1.4827640000003157E7,1.037109,-1.851868,-0.911209
1.4854790000001231E7,0.113998,-0.306931,-0.793533
1.4881940000002941E7,-0.400925,-0.064362,-0.515778
1.4909090000001015E7,-0.417633,-0.369034,0.026657
1.4936280000001715E7,-0.341705,-0.6931,0.49292
1.496342999999979E7,-0.018829,-0.923889,0.676147
1.4990570000001753E7,0.220718,-1.114044,0.386337
1.5017719999999827E7,0.218628,-1.332611,0.414795
1.5044880000001285E7,0.176147,-1.527695,0.323029
1.5072060000002239E7,0.351959,-1.804367,0.363266
1.5099210000000313E7,0.185715,-1.907898,0.358032
1.5126360000002023E7,0.031311,-1.713638,0.836136
1.5153510000000097E7,0.469727,-1.025589,1.141174
1.518065000000206E7,0.918396,-0.575089,1.201721
1.520784000000276E7,1.302979,-0.388901,0.931778
1.5234990000000834E7,1.345901,-1.339478,0.33963
1.5262140000002546E7,0.59082,-1.364639,0.111618
1.5289280000000872E7,0.131195,-1.545792,-0.652771
1.5316430000002583E7,-0.827087,-0.731491,-0.297836
1.53436099999999E7,-1.319107,-2.511719,1.113754
1.537076000000161E7,-0.423874,-1.080444,0.688828
1.5397899999999937E7,-0.01712,-1.111267,0.197708
1.5425050000001647E7,0.073471,-0.883224,-0.386612
1.545219999999972E7,0.15062,-0.942322,-0.537109
1.5479380000000674E7,0.062363,-0.980179,-0.443268
1.5506530000002386E7,-0.267883,-1.013947,-0.189743
1.5533670000000712E7,-0.24971,-0.969803,0.053833
1.5560820000002423E7,-0.082047,-0.973206,0.036987
1.5587970000000495E7,-0.71373,-0.882523,-1.088333
1.561515000000145E7,1.149277,-0.735718,2.566574
1.564230000000316E7,0.834885,-1.309052,-0.130157
1.5669450000001233E7,-0.065872,-0.862015,0.014313
1.5696600000002945E7,-0.539307,-1.40303,0.488083
1.5723750000001019E7,-0.449234,-1.126434,0.116028
1.575094000000172E7,-0.027695,-1.169342,-0.015411
1.5778089999999793E7,-0.215317,-1.043976,0.541183
1.5805240000001505E7,-0.251617,-1.071976,0.403503
1.5832390000003215E7,-0.261002,-1.176712,-0.165848
1.5859540000001289E7,-0.294754,-1.228104,-0.3311
1.5886720000002243E7,-0.156494,-1.537552,-0.199417
1.5913870000000315E7,-0.022232,-1.252914,0.019836
1.5941020000002027E7,0.330215,-1.202255,0.816574
1.59681700000001E7,1.201599,-2.716461,0.431793
1.5995310000002064E7,0.782486,-0.691757,-0.081116
1.6022500000002764E7,0.632706,-1.577179,-0.505615
1.6049650000000838E7,-0.312622,-0.447693,-0.505814
1.6076790000002801E7,-0.634689,-0.149399,-0.189056
1.6103940000000875E7,-0.544388,-0.319351,0.252441
1.6131090000002587E7,-0.197021,-0.715118,0.155762
1.615827999999965E7,0.250168,-0.985168,0.127167
1.6185430000001362E7,0.43486,-1.152573,0.260712
1.6212580000003072E7,0.62262,-1.512833,0.334793
1.6239730000001146E7,0.718155,-1.704514,0.426376
1.6266880000002857E7,0.395584,-1.794373,0.186996
1.629406999999992E7,0.345093,-2.350464,0.224457
1.6321220000001632E7,0.34407,-1.751343,1.095413
1.6348359999999957E7,0.45343,-0.933212,1.390549
1.6375510000001669E7,1.088455,-0.433868,1.560272
1.6402659999999741E7,1.281113,-0.097702,1.220306
1.6429850000000443E7,1.326889,-1.554413,0.530533
1.6457000000002153E7,0.508102,-1.53624,-0.633194
1.6484150000000227E7,-0.261932,-0.766571,-0.404663
1.6511300000001939E7,-0.23999,-3.323135,0.402939
1.6538450000000011E7,-0.828461,-1.219391,1.896591
1.6565640000000712E7,-0.594193,-0.833801,-0.074921
1.6592790000002423E7,-0.483475,-0.825638,-0.6203
1.6619940000000497E7,-0.209717,-0.919296,-0.706711
1.664709000000221E7,0.076904,-1.003876,-0.279434
1.6674240000000281E7,-0.008606,-0.95961,-0.089294
1.6701430000000983E7,-0.140991,-1.063187,0.001419
1.6728580000002693E7,-0.202072,-1.010452,-0.034103
1.6755730000000767E7,-0.14267,-1.05249,-0.024048
1.6782890000002228E7,-0.09642,-1.009033,0.066467
1.6810040000000298E7,0.018723,-1.143509,0.047104
1.6837230000001E7,-0.020493,-1.027344,-0.019455
1.6864380000002712E7,-0.064545,-0.950775,-0.021622
1.6891530000000786E7,-0.037308,-1.012466,0.016418
1.6918680000002496E7,-0.065308,-1.088821,0.172241
1.694583000000057E7,-0.142776,-1.07901,0.179123
1.697302000000127E7,-0.236877,-1.16597,0.166977
1.700017000000298E7,-0.300903,-1.394653,-0.058746
1.7027320000001054E7,-0.512787,-1.570251,-0.237015
1.7054470000002764E7,-0.35463,-1.704895,0.028458
1.708162000000084E7,0.086517,-1.897141,0.042587
1.710881000000154E7,1.306061,-1.951218,0.899963
1.7135960000003252E7,0.824982,-1.137329,-0.378586
1.7163110000001326E7,0.446136,-0.984726,-0.728333
1.719011000000319E7,-0.301834,-0.225021,-0.363449
1.721726000000126E7,-0.630188,-0.157043,-0.030563
1.7244440000002213E7,-0.643585,-0.254944,0.45076
1.7271600000000034E7,-0.305145,-0.761215,0.29718
1.7298750000001747E7,0.139267,-1.033081,0.586731
1.732589999999982E7,0.140335,-1.182404,0.380295
1.7353060000001278E7,0.075592,-1.463486,0.404037
1.7380250000001978E7,0.011047,-1.700394,0.341507
1.7407400000000052E7,-0.13443,-1.880981,0.266434
1.7434550000001762E7,-0.179169,-1.949677,0.336563
1.7461710000003222E7,0.113602,-1.556122,0.970383
1.7488860000001296E7,0.786118,-0.803894,1.773819
1.7516050000001997E7,1.612198,-0.166794,1.998322
1.754320000000007E7,1.7005,-0.40184,1.007431
1.757035000000178E7,1.02774,-1.641342,-1.376968
1.7597499999999855E7,-0.096146,-0.865387,-0.212585
1.7624650000001565E7,0.113159,-2.42984,1.288086
1.7651840000002265E7,-0.211014,-0.834076,1.277817
1.767899000000034E7,-0.323959,-1.472107,0.11351
1.7706140000002053E7,-0.383575,-0.817413,-0.498154
1.7733290000000123E7,-0.104324,-1.017563,-0.452271
1.7760440000001837E7,0.019318,-1.025879,-0.233597
1.7787630000002537E7,-0.108246,-0.98085,-0.104996
1.781478000000061E7,-0.14621,-1.006485,-0.040314
1.7841920000002574E7,-0.050323,-1.020309,0.029739
1.7869080000000395E7,-0.031891,-1.029968,0.030136
1.7896230000002105E7,-0.049057,-1.052261,0.049408
1.792341000000306E7,-0.062958,-1.036087,0.134872
1.7950560000001132E7,-0.019165,-0.971878,0.148743
1.7977710000002842E7,-0.056946,-1.071548,0.028183
1.8004860000000916E7,-0.119431,-1.14653,-0.13884
1.803201000000263E7,-0.198746,-1.143921,-0.068329
1.805919999999969E7,-0.21344,-1.111938,0.243515
1.8086350000001404E7,-0.331955,-1.318451,0.302765
1.8113500000003114E7,-0.554352,-1.64978,-0.029709
1.814065000000119E7,-0.570679,-1.836166,-0.348602
1.8167810000002645E7,-0.204895,-1.633301,-0.314407
1.8194980000000216E7,1.130081,-2.209167,0.67923
1.8222140000001673E7,1.034866,-1.265579,0.012604
1.8249289999999747E7,0.970551,-1.536713,-0.652451
1.8276440000001457E7,-0.016037,-0.18837,-0.51796
1.830359000000317E7,-0.380722,-0.201767,-0.288986
1.833078000000023E7,-0.452393,-0.494553,0.255112
1.8357930000001945E7,-0.348846,-0.915649,0.493851
1.8385080000000015E7,0.028244,-0.972809,0.786758
1.841223000000173E7,0.20166,-1.266281,0.402039
1.8439379999999803E7,0.295883,-1.49585,0.353012
1.8466570000000503E7,0.078186,-1.576706,0.417923
1.8493720000002213E7,-0.109238,-1.768097,0.433105
1.8520870000000287E7,0.015335,-1.848343,0.825912
1.8548030000001743E7,0.494751,-1.118179,1.4646
1.8575179999999817E7,1.087479,-0.76207,1.356934
1.860236000000077E7,1.523758,-0.326355,1.704788
1.862952000000223E7,1.440491,-0.415497,0.963135
1.8656670000000305E7,0.564941,-1.687378,-0.323746
1.8683820000002015E7,-0.951065,-1.00177,-2.507278
1.871097000000009E7,-0.405029,-1.530411,-0.086288
1.8738150000001043E7,-1.053665,-1.858475,2.789246
1.87653100000025E7,-0.137939,-0.988007,0.531174
1.8792460000000574E7,0.047989,-1.072708,-0.363693
1.8819600000002537E7,-0.163666,-0.946426,-0.851334
1.8846760000000358E7,0.015656,-1.009094,-0.553757
1.8873950000001058E7,-0.01268,-1.005173,-0.084961
1.890110000000277E7,-0.145615,-1.004471,0.078278
1.8928250000000846E7,-0.189972,-1.030258,-0.011261
1.8955410000002302E7,-0.145523,-1.033218,-0.092468
1.8982560000000376E7,-0.068726,-1.019165,0.072632
1.9009750000001077E7,0.010437,-0.954071,0.123779
1.9036900000002787E7,0.101776,-0.931839,-0.004852
1.906405000000086E7,0.080734,-0.977661,-0.087769
1.9091200000002574E7,-0.033966,-1.075699,-0.00209
1.9118350000000644E7,-0.210464,-1.118668,0.113968
1.914554000000135E7,-0.289413,-1.121521,0.213943
1.917269000000306E7,-0.479324,-1.32222,0.320786
1.9199840000001132E7,-0.733398,-1.538437,-0.091248
1.9226980000003096E7,-0.529251,-1.737518,-0.282318
1.925413000000117E7,-0.256805,-1.662735,-0.342072
1.928132000000187E7,1.012299,-2.409073,0.600754
1.9308469999999944E7,0.824081,-0.722214,0.292084
1.9335620000001654E7,0.668045,-1.627533,-1.0746
1.9362769999999728E7,-0.004288,-0.360657,-0.75589
1.938991000000169E7,-0.492477,-0.103104,-0.539886
1.9417090000002645E7,-0.251541,-0.634354,-0.018921
1.944424000000072E7,-0.103348,-1.186905,0.388382
1.947139000000243E7,-0.04039,-1.033279,0.560638
1.9498540000000503E7,0.11084,-1.404358,0.427597
1.9525690000002213E7,0.183182,-1.603241,0.212082
1.9552870000003166E7,0.209427,-1.7453,0.094437
1.958002000000124E7,0.050766,-2.077103,0.229813
1.960717000000295E7,-0.04834,-1.636276,0.687775
1.9634310000001278E7,0.687134,-0.919907,1.761215
1.9661460000002988E7,1.334076,-0.562271,1.663223
1.9688640000000305E7,1.517715,-0.281067,1.189819
1.9715790000002015E7,1.504456,-1.18869,0.364548
1.974294000000009E7,0.642258,-0.999481,-0.219528
1.97700900000018E7,-0.492996,-0.688446,-0.164963
1.9797239999999873E7,-1.277313,-4.538956,1.04364
1.9824420000000827E7,-0.543106,-0.579117,2.107025
1.985157000000254E7,-0.171661,-1.311752,-0.122665
1.9878710000000864E7,-0.109238,-0.907715,-0.863724
1.9905860000002578E7,0.279648,-1.026932,-0.428436
1.99330000000009E7,0.024261,-1.035553,0.123184
1.9960190000001602E7,-0.358215,-1.097641,0.240631
1.998732999999993E7,-0.380707,-1.026917,-0.040787
2.0014470000001892E7,-0.066589,-0.988434,-0.19133
2.0041619999999966E7,0.014816,-0.995743,-0.036407
2.0068770000001676E7,-0.097992,-1.002945,0.154694
2.009595000000263E7,-0.096207,-1.002686,0.12561
2.0123090000000957E7,-0.00386,-0.981415,0.051712
2.0150240000002667E7,-0.01886,-0.899307,0.083466
2.017739000000074E7,0.035614,-0.988312,0.115128
2.0204530000002705E7,0.013016,-1.015915,0.093109
2.023171999999977E7,-0.143936,-1.052826,0.207062
2.0258860000001732E7,-0.276291,-1.219131,0.188507
2.0286009999999806E7,-0.517899,-1.365158,-0.031891
2.031315000000177E7,-0.45932,-1.43309,-0.171219
2.0340299999999844E7,-0.297394,-1.534607,-0.165375
2.0367480000000797E7,0.239182,-1.678543,0.485535
2.0394630000002507E7,1.401367,-2.525436,0.620956
2.0421770000000834E7,1.195358,-1.353439,-0.007568
2.0448920000002544E7,0.941177,-1.451263,-0.632126
2.047606000000087E7,-0.078934,-0.235992,-0.398834
2.0503250000001572E7,-0.504929,-0.10144,-0.144913
2.0530389999999896E7,-0.479706,-0.282654,0.264145
2.055754000000161E7,-0.291626,-0.599472,0.359879
2.0584679999999933E7,0.081741,-1.233902,0.264038
2.0611830000001647E7,0.248917,-1.092422,0.344009
2.06390100000026E7,0.28154,-1.379395,0.404175
2.0666140000001177E7,0.274155,-1.757278,0.367569
2.0693310000002384E7,0.084152,-2.053543,0.481552
2.072045000000071E7,0.218582,-2.176544,0.618713
2.074760000000242E7,0.221039,-1.408264,1.295975
2.077479000000312E7,1.123657,-0.617722,2.103363
2.080193000000145E7,1.595444,0.155121,1.816559
2.0829069999999773E7,1.66954,-0.663452,0.712723
2.0856220000001486E7,0.39325,-1.674896,-0.977524
2.088335999999981E7,-0.375244,-0.813599,-0.430832
2.0910540000000764E7,-0.330551,-2.327026,0.91153
2.0937690000002477E7,0.075684,-0.744583,2.576782
2.096484000000055E7,-0.297424,-1.076706,-0.102219
2.0991980000002515E7,-0.4496,-0.93132,-0.73996
2.101913000000059E7,-0.174896,-0.993057,-0.585617
2.104631000000154E7,-0.05278,-1.04129,-0.07048
2.1073460000003252E7,-0.12854,-1.064087,0.154816
2.1100610000001326E7,-0.217468,-1.020447,-0.05246
2.112774999999965E7,-0.096207,-1.011612,-0.138397
2.1154900000001363E7,-0.018936,-1.022888,-0.0466
2.1182080000002317E7,-0.006943,-1.025894,0.12323
2.1209230000000387E7,0.044144,-1.007263,0.200729
2.1236370000002354E7,0.058792,-0.947998,0.038651
2.1263520000000425E7,0.053818,-0.909454,-0.014496
2.129067000000214E7,0.021774,-1.067123,0.029099
2.1317850000003092E7,-0.09874,-1.108261,0.113663
2.1345000000001162E7,-0.225494,-1.057922,0.171738
2.137214000000313E7,-0.276138,-1.133942,0.208832
2.13992900000012E7,-0.40889,-1.446777,-0.071304
2.1426430000003166E7,-0.538788,-1.456757,-0.157578
2.1453620000000227E7,-0.334747,-1.762085,-0.36499
2.148076000000219E7,0.210922,-1.571075,0.454834
2.1507910000000264E7,1.454361,-2.679321,0.664886
2.1535060000001978E7,0.68222,-1.444519,-0.536652
2.15622000000003E7,0.804825,-1.326492,-0.460526
2.1589380000001255E7,0.096878,-0.453293,-0.37616
2.161653000000297E7,-0.43132,-0.196442,-0.247086
2.164368000000104E7,-0.332611,-0.29892,0.184174
2.1670820000003006E7,-0.092743,-0.628052,0.308014
2.1697970000001077E7,0.12413,-1.078217,0.27037
2.172515000000203E7,0.173798,-1.209488,0.508438
2.1752300000000104E7,0.142075,-1.48317,0.316025
2.1779440000002068E7,0.240295,-1.829498,0.305466
2.180659000000014E7,0.030731,-2.179886,0.36763
2.1833730000002105E7,0.140747,-1.974854,1.10817
2.1860920000002805E7,0.690552,-0.959442,1.881042
2.1888060000001132E7,1.753571,-0.427505,2.556107
2.1915200000003096E7,1.643524,0.330841,1.157104
2.194235000000117E7,0.992111,-1.49556,-0.306992
2.1969490000003133E7,-0.187225,-1.137207,-0.942291
2.1996680000000197E7,0.138077,-1.45105,0.987
2.2023830000001907E7,0.934082,-1.888687,3.978119
2.2050970000000235E7,-0.574661,-0.965088,0.064865
2.2078110000002198E7,-0.620651,-0.973816,-0.579849
2.2105250000000525E7,-0.525131,-0.977249,-0.468765
2.213243000000148E7,-0.053177,-1.040009,-0.047989
2.215958000000319E7,-0.084015,-1.15477,0.147385
2.2186570000001665E7,-0.181091,-1.01593,-0.026062
2.2213709999999993E7,-0.169479,-0.931595,-0.086685
2.2240860000001702E7,0.030838,-0.989624,-0.0681
2.2268040000002656E7,0.088852,-1.000397,-0.054184
2.2295180000000983E7,0.019775,-0.997894,0.033707
2.2322330000002693E7,-0.044022,-0.992035,0.125381
2.234947000000102E7,-0.03923,-0.880585,0.11322
2.237662000000273E7,0.056732,-0.951004,0.091995
2.2403800000000045E7,0.108719,-1.009064,0.079498
2.243095000000176E7,0.061905,-1.013321,0.115372
2.2458090000000082E7,-0.116333,-1.094788,0.291458
2.2485240000001796E7,-0.221069,-1.238663,0.092941
2.251238000000012E7,-0.383392,-1.335098,0.058212
2.2539560000001073E7,-0.480682,-1.668854,-0.166229
2.256670000000304E7,-0.240112,-1.542389,0.010574
2.2593840000001363E7,0.531555,-1.890839,0.780533
2.262097999999969E7,1.235626,-2.141815,0.116318
2.26481300000014E7,0.781357,-0.985031,-0.208496
2.2675310000002354E7,0.680344,-1.265854,-0.502396
2.270245000000068E7,0.060532,-0.274857,-0.352478
2.272960000000239E7,-0.31015,-0.020813,-0.180145
2.275674000000072E7,-0.315216,-0.429764,0.155319
2.278389000000243E7,-0.106201,-0.920044,0.314957
2.2811069999999747E7,0.087692,-0.890579,0.51384
2.2838220000001457E7,0.121506,-1.34967,0.564362
2.2865359999999784E7,0.269928,-1.477615,0.227005
2.2892510000001494E7,0.152985,-1.700363,0.496475
2.2919660000003204E7,0.014191,-1.849579,0.387756
2.294684000000052E7,0.15802,-1.574387,0.762405
2.297399000000223E7,0.313049,-1.175491,1.272903
2.300113000000056E7,0.714783,-0.738083,1.443604
2.302828000000227E7,1.090897,-0.41423,1.2547
2.3055430000000343E7,1.267502,-0.36412,1.183426
2.3082610000001296E7,0.750702,-1.258896,0.309387
2.3109760000003006E7,0.052185,-2.121445,-1.130539
2.313691000000108E7,-0.504959,-1.43042,-0.580002
2.3164039999999657E7,-0.678604,-2.052246,0.878387
2.3191210000000864E7,-0.281448,-1.132187,1.609268
2.3218390000001818E7,0.03038,-0.937851,-0.05571
2.3245539999999892E7,-0.08812,-0.954315,-0.762848
2.3272680000001855E7,0.062576,-1.098999,-0.440125
2.329982999999993E7,-0.038528,-1.020416,0.156448
2.332698000000164E7,-0.209686,-1.021973,0.387695
2.3354160000002593E7,-0.269562,-1.019897,-0.158646
2.338130000000092E7,-0.146759,-1.026688,-0.191956
2.340845000000263E7,-0.082352,-1.050537,0.065323
2.3435590000000957E7,-0.084793,-1.042374,0.116379
2.3462740000002667E7,-0.013885,-1.003601,-0.006714
2.3489919999999985E7,0.013855,-0.92334,-0.118057
2.351706000000195E7,0.045349,-1.002899,-0.067245
2.3544210000000022E7,-0.001068,-1.07933,0.071579
2.3571350000001986E7,-0.168472,-1.066193,0.122742
2.359850000000006E7,-0.290375,-1.08519,0.200378
2.362569000000076E7,-0.321655,-1.143173,0.306198
2.3652830000002723E7,-0.454865,-1.49176,-0.060776
2.367997000000105E7,-0.422516,-1.416412,-0.225479
2.370712000000276E7,-0.142868,-1.460175,-0.239594
2.3734270000000834E7,0.565018,-1.843079,0.500565
2.3761460000001535E7,1.541214,-2.334824,0.319824
2.378859999999986E7,1.178986,-1.370361,-0.384811
2.3815750000001572E7,0.591644,-1.101044,-0.703232
2.3842889999999896E7,-0.214401,-0.153427,-0.374283
2.387004000000161E7,-0.5289,-0.136993,-0.059555
2.3897220000002563E7,-0.434647,-0.392715,0.380386
2.3924370000000637E7,-0.08989,-1.34343,0.423477
2.3951520000002347E7,0.113632,-1.068176,0.590134
2.397867000000042E7,0.149353,-1.243851,0.414307
2.400582000000213E7,0.274902,-1.641983,0.388718
2.4033000000003085E7,0.188828,-1.818634,0.589905
2.406015000000116E7,0.108246,-2.035568,0.493256
2.408730000000287E7,0.222397,-1.816452,0.898392
2.4114450000000942E7,0.509903,-1.013748,1.360596
2.4141590000002906E7,1.426331,-0.514359,1.95813
2.416877999999997E7,1.5681,0.061142,1.206009
2.419593000000168E7,1.769409,-1.316147,0.294662
2.4223070000000007E7,-0.030853,-1.762375,-1.1651
2.4250220000001717E7,-0.476944,-0.812088,-0.415848
2.427736999999979E7,-0.382538,-2.716949,0.278549
2.4304550000000745E7,-0.456909,-1.264633,2.228104
2.4331700000002455E7,-0.01355,-1.078903,0.345657
2.4358840000000782E7,-0.022812,-0.941833,-0.413574
2.4385990000002492E7,-0.160095,-0.951889,-0.729431
2.441313000000082E7,-0.181595,-0.87291,-0.694443
2.444032000000152E7,-0.037003,-1.046616,-0.250717
2.4467459999999847E7,-0.149994,-1.018021,0.137527
2.4494610000001557E7,-0.305496,-1.070587,0.201569
2.452176000000327E7,-0.258575,-1.072403,-0.007767
2.4548900000001594E7,-0.131073,-1.038757,0.035217
2.4576090000002295E7,-0.01152,-1.010986,0.108261
2.460324000000037E7,0.047318,-0.98526,-0.096039
2.4630380000002332E7,0.032822,-0.903717,-0.089569
2.4657530000000406E7,-0.026001,-1.045227,0.121338
2.4684680000002116E7,-0.080719,-1.065582,0.216507
2.471186000000307E7,-0.089569,-0.958313,0.13974
2.4739010000001144E7,-0.204742,-1.067719,0.164551
2.4766160000002857E7,-0.249603,-1.207611,-0.086594
2.4793310000000928E7,-0.414352,-1.584351,-0.14241
2.4820450000002895E7,-0.487961,-1.481567,-0.077911
2.4847639999999955E7,-0.114136,-1.703018,0.169373
2.487479000000167E7,0.838547,-2.535736,0.71489
2.4901929999999993E7,1.012695,-1.34552,-0.023911
2.4929080000001706E7,0.811295,-1.364029,-0.645996
2.495622000000003E7,0.217148,-0.733627,-0.449005
2.4983400000000983E7,-0.429337,-0.231125,-0.23378
2.5010550000002693E7,-0.498444,-0.193146,0.077194
2.503769000000102E7,-0.050476,-1.021194,0.229843
2.506484000000273E7,0.218018,-0.695435,0.197403
2.5091980000001058E7,0.330948,-1.058456,0.273926
2.511916000000201E7,0.248734,-1.355804,0.479004
2.514630000000034E7,0.345551,-1.635117,0.229355
2.517345000000205E7,0.315613,-1.883682,0.19397
2.5200590000000376E7,0.29599,-2.34993,0.228409
2.5227740000002086E7,0.358871,-1.572586,1.542465
2.525492000000304E7,1.012207,-0.465836,1.930771
2.5282060000001367E7,1.843811,0.124741,2.091354
2.5309210000003077E7,1.855316,-0.74498,0.648224
2.533636000000115E7,0.452621,-1.638748,-1.08403
2.5363500000003114E7,-0.305313,-0.966339,-0.603867
2.539069000000018E7,-0.293396,-1.279984,0.848557
2.541784000000189E7,0.556519,-1.353683,2.862839
2.5444980000000216E7,-0.437561,-1.063141,-0.058701
2.5472130000001926E7,-0.390564,-0.993103,-0.545715
2.549928E7,-0.184219,-0.988632,-0.564224
2.5526460000000954E7,-0.033051,-1.050507,-0.021591
2.5553610000002664E7,-0.090836,-1.196167,0.313461
2.5580760000000738E7,-0.222443,-1.082611,0.195602
2.56079000000027E7,-0.146667,-0.932663,-0.123444
2.563506000000052E7,0.089432,-0.971741,-0.219116
2.566223000000173E7,0.131058,-0.985931,-0.025711
2.5689379999999803E7,0.053482,-1.016373,0.088333
2.5716530000001512E7,0.018692,-0.884933,0.050095
2.5743680000003222E7,0.052231,-0.864365,-0.013489
2.577082000000155E7,0.056015,-1.081772,-0.025589
2.579801000000225E7,-0.08725,-1.034836,0.044968
2.5825150000000577E7,-0.245056,-1.070251,0.220093
2.5852300000002287E7,-0.361008,-1.238419,0.240524
2.5879440000000615E7,-0.466965,-1.64621,-0.045883
2.5906580000002578E7,-0.564438,-1.613922,-0.325943
2.5933759999999892E7,-0.188248,-1.510376,-0.112274
2.5960900000001855E7,0.563934,-2.022751,0.611221
2.598804999999993E7,1.361969,-3.185516,0.348831
2.6015200000001643E7,0.692535,-0.629837,-0.281036
2.6042349999999713E7,0.611786,-1.036072,-0.573792
2.6069530000000667E7,-0.161087,-0.109879,-0.629654
2.609668000000238E7,-0.385803,-0.049088,-0.311371
2.6123820000000704E7,-0.194778,-0.555038,0.149078
2.6150970000002418E7,0.046631,-1.096893,0.509293
2.617811000000074E7,0.139832,-0.944366,0.422348
2.6205300000001445E7,0.160034,-1.385086,0.339401
2.623243999999977E7,0.257965,-1.767776,0.377197
2.6259590000001483E7,0.377808,-2.058411,0.557358
2.6286729999999806E7,0.164856,-1.962753,0.61203
2.631388000000152E7,0.536087,-1.338028,1.128586
2.634106000000247E7,1.148926,-0.7043,1.720398
2.6368210000000544E7,1.487228,0.079712,1.590683
2.6395350000002507E7,1.468719,-1.19455,0.495651
2.642250000000058E7,0.365952,-0.939713,-0.334839
2.6449640000002544E7,-0.399979,-1.091309,-0.932739
2.6476819999999862E7,-0.492538,-1.920609,-0.112686
2.6503960000001825E7,0.151321,-0.857788,2.605377
2.65311099999999E7,-0.404648,-1.472595,0.540268
2.6558250000001863E7,-0.177475,-0.94281,-0.325638
2.658539000000019E7,-0.115646,-1.006973,-0.538498
2.6612570000001144E7,-0.004471,-1.067719,-0.12999
2.6639710000003107E7,-0.21814,-1.023193,-0.048553
2.666686000000118E7,-0.351746,-0.987473,-0.306473
2.6694000000003144E7,-0.217606,-0.964478,-0.301666
2.672115000000122E7,-0.066498,-1.007965,0.019333
2.6748330000002168E7,-0.109741,-0.972733,0.17778
2.6775470000000495E7,0.173447,-1.007584,0.257721
2.6802620000002205E7,0.071213,-0.965622,-0.023712
2.6829760000000533E7,0.053986,-0.925354,0.067398
2.6856900000002496E7,0.04361,-0.914291,0.236359
2.6884079999999814E7,0.086166,-0.971695,0.212387
2.6911230000001524E7,0.117416,-0.999924,0.113235
2.693836999999985E7,-0.005203,-1.009293,0.16925
2.696552000000156E7,-0.106659,-1.069916,0.195648
2.699265999999989E7,-0.228302,-1.203812,-0.034348
2.701985000000059E7,-0.45372,-1.435333,-0.0186
2.70470000000023E7,-0.431641,-1.452866,0.001434
2.7074140000000626E7,-0.175186,-1.418823,0.180969
2.7101290000002336E7,0.385834,-1.590805,0.864807
2.712844000000041E7,1.115677,-2.329254,0.235016
2.7155620000001363E7,1.031891,-0.538498,0.224747
2.7182630000002973E7,0.888657,-1.573944,-0.511719
2.7209780000001047E7,0.116974,-0.304413,-0.347397
2.723692000000301E7,-0.294693,0.01918,-0.31192
2.7264070000001084E7,-0.31488,-0.413193,0.075027
2.7291250000002038E7,-0.160095,-1.097778,0.553741
2.7318390000000365E7,-0.191193,-0.977142,0.620773
2.7345540000002075E7,0.00856,-1.238388,0.397629
2.7372680000000402E7,0.244202,-1.450897,0.290131
2.7399830000002112E7,0.308411,-1.624176,0.265106
2.7427020000002813E7,0.376892,-1.813507,0.407303
2.7454170000000887E7,0.401215,-1.82132,0.282913
2.7481320000002597E7,0.273087,-1.556503,0.677322
2.750847000000067E7,0.36467,-1.158203,1.055954
2.753562000000238E7,0.810379,-0.565781,1.497269
2.75627999999997E7,1.168121,-0.132233,1.335907
2.758995000000141E7,1.34938,-1.409088,0.564926
2.7617089999999736E7,0.589142,-0.901001,0.059891
2.7644240000001445E7,-0.143082,-1.25679,-0.943878
2.7671379999999773E7,-0.911789,-0.311722,-0.820847
2.7698560000000726E7,-0.716492,-2.899124,0.330078
2.7725710000002436E7,-0.887787,-2.318085,0.799774
2.775286000000051E7,-0.577698,-1.555008,1.035065
2.7780000000002474E7,-0.108566,-0.892685,0.010223
2.7807150000000548E7,-0.016144,-0.927979,-0.531616
2.78343300000015E7,0.11264,-0.953705,-0.538498
2.786148000000321E7,-0.21312,-0.89888,-0.423355
2.788862000000154E7,-0.313339,-0.977463,-0.199249
2.791577000000325E7,-0.309158,-0.99408,0.019165
2.7942910000001576E7,-0.24765,-0.978912,0.081406
2.797009000000253E7,-0.154495,-0.970093,-0.056992
2.7997240000000603E7,-0.1418,-0.977142,-0.168716
2.8024380000002567E7,-0.160706,-0.993103,-0.090485
2.805153000000064E7,-0.162628,-1.006668,-0.05249
2.807868000000235E7,-0.205917,-0.988358,-0.075806
2.810587000000305E7,-0.180878,-0.99852,-0.113037
2.813300000000163E7,-0.159882,-0.988129,-0.11377
2.816016000000309E7,-0.156479,-1.012177,-0.08902
2.8187310000001162E7,-0.141174,-0.999893,-0.042465
2.8214460000002872E7,-0.116913,-0.99736,-0.042572
2.824164000000019E7,-0.037903,-0.991348,-0.062119
2.8268780000002153E7,-0.01886,-1.006317,-0.053375
2.8295930000000227E7,-0.066147,-1.023026,0.050995
2.8323080000001937E7,-0.001251,-1.045395,0.041275
2.8350220000000264E7,-0.068268,-1.032333,-0.126785
2.8377410000000965E7,-0.095444,-1.141251,-0.093719
2.8404550000002928E7,-0.218964,-1.142273,0.139145
2.8431700000001002E7,-0.192017,-1.029724,0.224548
2.8458840000002965E7,0.003494,-0.929062,0.20961
2.848599000000104E7,0.17688,-0.89444,0.188766
2.8513170000001993E7,0.285751,-0.916382,0.279297
2.8540310000000317E7,0.276825,-0.91507,0.298462
2.856746000000203E7,0.16423,-0.92868,0.266418
2.8594610000000104E7,0.074875,-0.947556,0.306305
2.8621750000002068E7,0.091354,-0.964844,0.296906
2.8648940000002768E7,0.124771,-0.957108,0.308258
2.8676090000000842E7,0.130722,-0.952316,0.329254
2.8703230000002805E7,0.137634,-0.954803,0.316345
2.873038000000088E7,0.162018,-0.946457,0.303955
2.875753000000259E7,0.181,-0.987976,0.304916
2.8784709999999903E7,0.172745,-1.023376,0.257156
2.8811860000001617E7,0.285233,-1.0383,0.449814
2.883900999999969E7,0.277863,-1.005157,0.592606
2.88661600000014E7,0.232193,-0.643723,0.444458
2.889331000000311E7,0.196976,-0.75267,0.314468
2.8920500000000175E7,-0.210373,-0.999146,0.007874
2.894764000000214E7,-0.236633,-0.887848,0.1147
2.8974790000000212E7,-0.069473,-0.873291,0.384018
2.9001940000001922E7,0.148895,-1.065887,0.467819
2.9029089999999996E7,0.36998,-0.998459,0.702072
2.9056280000000697E7,0.414124,-0.93811,0.581635
2.908343000000241E7,0.271805,-0.872223,0.498306
2.9110570000000734E7,0.149261,-0.90155,0.376373
2.9137720000002448E7,0.046783,-0.895645,0.381485
2.9164870000000518E7,0.035095,-0.904846,0.315109
2.919205000000147E7,0.148636,-0.917221,0.326508
2.9219200000003185E7,0.22612,-0.959274,0.337845
2.924635000000126E7,0.175812,-0.928421,0.33963
2.927350000000297E7,0.102539,-0.877899,0.285141
2.9300650000001043E7,0.076843,-0.866852,0.216476
2.9327830000001997E7,0.073837,-0.967789,0.230545
2.9354980000000067E7,0.030487,-0.894791,0.150436
2.938213000000178E7,-0.062653,-0.869385,0.007126
2.9409279999999855E7,-0.05571,-0.899368,0.066238
2.9436430000001565E7,-0.080307,-0.849731,0.047699
2.9463620000002265E7,0.530914,-0.805756,0.117874
2.949077000000034E7,0.472717,-0.946381,-0.464615
2.9517910000002302E7,-0.211563,-1.030807,-0.094818
2.9545060000000376E7,-0.468857,-1.175629,0.745651
2.9572210000002086E7,-0.126694,-1.030136,0.486649
2.9599400000002787E7,0.154602,-0.962921,-0.009735
2.962655000000086E7,0.149643,-1.020889,-0.150711
2.9653690000002824E7,4.43E-4,-1.073059,-0.03949
2.9680840000000898E7,-0.125305,-0.99411,0.046051
2.970799000000261E7,-0.139938,-1.014374,-0.028702
2.9735179999999672E7,-0.127777,-0.960205,-0.129868
2.9762330000001386E7,-0.034134,-1.01918,-0.035477
2.9789480000003096E7,-0.027573,-1.014618,0.134308
2.9816620000001423E7,-0.034256,-1.022827,0.076492
2.984378000000288E7,-0.033875,-0.974579,-0.053146
2.9870960000000194E7,-0.052734,-0.986557,-0.096817
2.9898110000001907E7,-0.05011,-0.946808,-0.100296
2.992525999999998E7,-0.05748,-1.049652,-0.089111
2.995241000000169E7,-0.09639,-1.007843,-0.032227
2.9979559999999765E7,-0.085312,-1.020523,0.031448
3.0006750000000466E7,-0.096191,-0.997314,-0.048965
3.0033910000001926E7,-0.078598,-1.003845,-0.130493
3.0061059999999996E7,-0.083191,-0.980225,-0.105972
3.008821000000171E7,-0.087128,-0.993637,-0.035782
3.0115359999999784E7,-0.078308,-1.032074,-0.081314
3.0142550000000484E7,-0.061432,-1.016739,-0.032318
3.0169700000002194E7,-0.064102,-1.036591,0.010452
3.019685000000027E7,-0.116364,-1.027817,-0.05954
3.0224010000001725E7,-0.114029,-1.003372,-0.124039
3.0251150000000052E7,-0.073257,-1.007156,-0.13028
3.0278340000000753E7,-0.055862,-1.021622,-0.134827
3.0305490000002466E7,-0.036301,-1.045807,-0.142075
3.0332640000000536E7,-0.016968,-0.966736,-0.213318
3.035979000000225E7,-0.00705,-0.939468,-0.238113
3.0386940000000324E7,-0.091171,-0.965118,-0.235748
3.0414120000001274E7,-0.079544,-0.983002,-0.172058
3.0441270000002988E7,-0.025238,-1.044861,-0.069733
3.046842000000106E7,0.026474,-1.071198,-0.079605
3.049557000000277E7,0.03569,-1.011246,-0.152924
3.0522720000000846E7,0.021118,-0.954819,-0.22934
3.05499000000018E7,-0.016144,-0.953125,-0.271896
3.0577049999999873E7,-0.092896,-0.967087,-0.242538
3.0604200000001583E7,-0.088348,-0.990677,-0.202774
3.0631349999999657E7,-0.082474,-0.926773,-0.175232
3.0658500000001367E7,-0.158539,-0.917892,-0.211182
3.068568000000232E7,-0.212112,-1.0159,-0.201981
3.0712830000000395E7,-0.130814,-0.945435,-0.139709
3.0739980000002105E7,0.03746,-1.013748,-0.118622
3.076713000000018E7,0.027191,-1.016174,-0.128952
3.0794280000001892E7,-0.046738,-1.032089,-0.115005
3.0821470000002593E7,-0.085327,-1.014099,-0.090286
3.0848620000000663E7,0.001007,-1.009888,-0.1483
3.0875770000002377E7,0.177277,-1.06221,-0.0495
3.090292000000045E7,0.115372,-0.971039,-0.157547
3.093007000000216E7,-0.220306,-1.039566,-0.157501
3.095726000000286E7,-0.150696,-1.017471,-0.223175
3.0984410000000935E7,0.022156,-0.85318,-0.363403
3.1011560000002645E7,0.10907,-1.059433,-0.026794
3.103871000000072E7,-0.215225,-1.135284,0.395935
3.1065850000002682E7,-0.041489,-0.845947,-0.543594
3.1093039999999747E7,-0.067383,-0.889023,-0.340042
3.1120190000001457E7,0.205475,-1.04422,-0.265839
3.1147350000002917E7,0.079193,-0.948898,-0.333191
3.117450000000099E7,0.050537,-0.982513,-0.265213
3.12016500000027E7,-0.060654,-0.924911,-0.283752
3.1228830000000015E7,-0.033691,-0.945038,-0.341248
3.125598000000173E7,0.048492,-1.014893,-0.332092
3.1283140000003185E7,0.029709,-0.97525,-0.345444
3.1310280000001512E7,0.022186,-0.941498,-0.225571
3.1337430000003222E7,0.026169,-0.863602,-0.299606
3.1364620000000287E7,0.01889,-0.913239,-0.349106
3.1391770000001997E7,-0.006531,-0.937714,-0.337097
3.141892000000007E7,-0.026505,-0.920166,-0.319016
3.144607000000178E7,-0.019669,-0.918289,-0.286331
3.1473219999999855E7,0.032181,-0.983505,-0.361328
3.1500410000000555E7,0.06839,-0.94342,-0.328735
3.1527550000002522E7,0.090637,-0.959396,-0.341537
3.1554710000000343E7,0.127487,-0.923553,-0.305527
3.1581860000002053E7,0.057938,-0.952621,-0.290329
3.160900000000038E7,0.065582,-0.954651,-0.3358
3.163619000000108E7,0.130035,-0.965759,-0.370468
3.166334000000279E7,0.087845,-0.946533,-0.327362
3.1690490000000864E7,0.040573,-0.956009,-0.322388
3.1717640000002574E7,0.052628,-0.964645,-0.339432
3.174479000000065E7,0.046768,-0.942612,-0.33345
3.1771970000001602E7,0.090195,-0.952545,-0.34491
3.1799119999999676E7,0.099396,-0.947525,-0.340729
3.182626000000164E7,0.069962,-0.933014,-0.322479
3.1853409999999713E7,0.081818,-0.952576,-0.327942
3.1880550000001676E7,0.124802,-0.96814,-0.314163
3.190773000000263E7,0.195038,-0.970978,-0.307419
3.1934880000000704E7,0.194,-0.981064,-0.331757
3.1962030000002414E7,0.140366,-0.934799,-0.329117
3.1989180000000488E7,0.168274,-0.927353,-0.322556
3.201632000000245E7,0.155487,-0.937836,-0.309875
3.204349999999977E7,0.162338,-0.944916,-0.303848
3.207065000000148E7,0.144958,-0.945724,-0.298843
3.209780000000319E7,0.130249,-0.961761,-0.28009
3.2124950000001263E7,0.154327,-0.950623,-0.306305
3.2152100000002973E7,0.160889,-0.964981,-0.281677
3.217913000000044E7,0.182343,-0.965607,-0.273117
3.2206270000002407E7,0.190842,-0.945572,-0.285629
3.2233420000000477E7,0.164124,-0.947235,-0.282104
3.226057000000219E7,0.153885,-0.970764,-0.288162
3.2287720000000264E7,0.157578,-0.954391,-0.281189
3.231490000000122E7,0.156021,-0.949417,-0.283295
3.2342050000002928E7,0.15416,-0.951721,-0.275024
3.2369190000001255E7,0.153366,-0.960144,-0.275177
3.2396340000002965E7,0.155548,-0.974472,-0.251724
3.242349000000104E7,0.167038,-0.954666,-0.267929
3.245068000000174E7,0.174149,-0.965851,-0.340912

