times (ms),x-accel,y-accel,z-accel
0.0,0.085571,-1.002472,-0.106659
27.160000003874302,0.042648,-0.998749,-0.120621
54.309999998658895,0.067596,-0.997543,-0.130157
81.4700000025332,0.08226,-0.993469,-0.141449
108.62000000476837,0.064041,-1.002228,-0.142166
135.8100000023842,0.055832,-1.001266,-0.134171
162.9700000025332,0.054123,-0.997498,-0.134552
190.11000000312924,0.056732,-0.997375,-0.141647
217.26000000536442,0.054977,-0.999023,-0.137711
244.4100000038743,0.062317,-1.000046,-0.137833
271.6000000014901,0.059891,-1.004349,-0.126282
298.75,0.055435,-1.002411,-0.13797
325.89000000059605,0.05629,-0.999847,-0.136963
353.0400000028312,0.055832,-0.990158,-0.144348
380.1900000087917,0.054672,-0.996658,-0.134354
407.3700000010431,0.053314,-0.996887,-0.145981
434.52000000327826,0.064728,-0.999008,-0.136185
461.67000000178814,0.054276,-0.995712,-0.138596
488.8100000061095,0.054199,-0.999237,-0.135574
515.9700000025332,0.062637,-1.000824,-0.145416
543.1499999985099,0.05217,-0.998734,-0.137283
570.3000000044703,0.053192,-0.997604,-0.143967
597.4500000029802,0.053116,-0.995026,-0.141983
624.6000000014901,0.054276,-1.003448,-0.138031
651.75,0.053528,-0.997177,-0.147919
678.9400000050664,0.051071,-1.001068,-0.142456
706.0900000035763,0.053787,-0.998352,-0.143173
733.2400000020862,0.054016,-1.003815,-0.143539
760.3900000043213,0.05307,-1.000122,-0.14743
787.5500000007451,0.04538,-1.007904,-0.145813
814.7300000041723,0.053482,-0.998901,-0.157028
841.8800000026822,0.053772,-1.003845,-0.149857
869.0300000011921,0.051193,-0.995361,-0.143677
896.179999999702,0.053726,-0.992767,-0.143112
923.3300000056624,0.053589,-0.998169,-0.136581
950.5100000016391,0.053574,-0.997665,-0.135086
977.6699999980628,0.053497,-0.99585,-0.133881
1004.8200000040233,0.037338,-0.998917,-0.149445
1031.9799999967217,0.040451,-1.005325,-0.143112
1059.1300000026822,0.052002,-1.001236,-0.154663
1086.3200000040233,0.052673,-0.989182,-0.156616
1113.4700000025332,0.041733,-1.004852,-0.147415
1140.620000001043,0.045959,-0.997086,-0.154724
1167.780000001192,0.045593,-1.00386,-0.134048
1194.9300000034273,0.044617,-0.999619,-0.156509
1222.1200000047684,0.046432,-0.994125,-0.16684
1249.2700000032783,0.049377,-1.004837,-0.169022
1276.4200000017881,0.054855,-1.017609,-0.177719
1303.5700000040233,0.051544,-0.935394,-0.379227
1330.7300000041723,0.059464,-0.970154,-0.124847
1357.9200000017881,0.087357,-1.043503,0.064011
1385.070000000298,0.051666,-1.021957,0.096207
1412.2199999839067,-0.019882,-1.017578,-0.007797
1439.3699999973178,0.046143,-1.015808,-0.031845
1466.5200000032783,0.072586,-1.001587,-0.06868
1493.7000000029802,0.055679,-1.00322,-0.077621
1520.8500000052154,0.041489,-1.015213,-0.061096
1548.0000000037253,0.034378,-1.014801,-0.024689
1575.1500000022352,0.039642,-1.005249,-0.028748
1602.2900000028312,0.040009,-1.011703,-0.037155
1629.4800000041723,0.033783,-1.016556,-0.032135
1656.6300000026822,0.041962,-1.022217,-0.008392
1683.7800000086427,0.046448,-1.004944,0.006393
1710.929999999702,-0.002792,-1.026703,0.001251
1738.0800000019372,-0.013092,-1.043839,0.011047
1765.2699999958277,0.020813,-1.029419,0.02005
1792.4200000017881,0.117447,-1.035385,0.098618
1819.5699999965727,0.376694,-1.09935,0.203522
1846.7200000062585,0.392395,-1.063614,0.320953
1873.870000012219,0.053589,-1.040314,0.159485
1901.0600000061095,-0.154068,-0.908325,0.133011
1928.2100000046194,-0.192337,-0.833221,0.062302
1955.359999999404,-0.193893,-0.801865,0.066269
1982.5100000016391,-0.20224,-0.863892,0.084259
2009.6700000017881,-0.116821,-1.025986,0.088806
2036.859999999404,-0.036346,-1.065369,0.02359
2064.009999997914,0.022034,-1.02832,0.001282
2091.160000000149,-0.012772,-1.139587,0.042419
2118.310000002384,-0.179565,-1.023163,-0.150421
2145.460000000894,-0.169968,-1.099609,-0.04567
2172.510000001639,0.008575,-1.0905,0.170227
2199.6600000038743,0.202774,-0.963272,0.297989
2226.810000002384,0.274963,-0.900574,0.249603
2253.970000002533,0.085815,-0.740875,0.193115
2281.120000001043,0.078537,-0.827942,0.079498
2308.310000002384,-0.555573,-1.056747,-0.126282
2335.4600000046194,-0.579559,-1.177002,-0.321793
2362.609999999404,-0.295059,-1.087631,-0.12442
2389.7600000053644,-0.027069,-1.086716,0.231476
2416.910000000149,-0.193069,-1.030304,0.331238
2444.0900000035763,-0.327286,-0.988144,0.037445
2471.2500000037253,-0.121567,-0.996628,-0.046585
2498.400000002235,0.102295,-1.00174,0.080856
2525.5500000044703,-0.025162,-1.011459,0.086609
2552.7000000029802,-0.190247,-0.992737,-0.019348
2579.8800000064075,-0.099304,-1.034515,0.071457
2607.030000001192,-0.03598,-1.021103,0.131165
2634.1900000050664,-0.09671,-1.008484,0.05014
2661.339999999851,-0.084366,-1.000717,-0.001953
2688.490000002086,-0.030792,-1.024231,0.010513
2715.6800000034273,-0.017548,-0.991806,0.1026
2742.8300000056624,-0.044037,-1.014221,0.081055
2769.980000000447,-3.05E-4,-0.994751,0.067307
2797.130000002682,-0.01947,-1.004807,7.93E-4
2824.280000001192,-0.030197,-0.994263,-0.027115
2851.459999989718,0.024887,-0.963943,-0.005814
2878.609999999404,0.022354,-1.006531,0.004227
2905.760000001639,-0.010666,-0.999084,0.03183
2932.9100000038743,0.002548,-0.985748,0.04982
2960.050000000745,-0.027496,-1.03688,-0.008163
2987.240000002086,0.017456,-0.994476,0.052109
3014.390000000596,-0.004532,-1.026611,-0.007126
3041.539999999106,-0.028305,-1.036819,-0.029099
3068.690000001341,-0.0979,-1.067627,0.078079
3095.8400000035763,-0.042572,-0.983475,0.008148
3123.0300000049174,0.026596,-0.99408,-0.053513
3150.1699999906123,-0.002869,-1.009537,0.011963
3177.3200000040233,-0.040283,-0.993484,0.001053
3204.470000002533,0.03447,-1.006668,0.012085
3231.6200000047684,0.033783,-0.991638,0.00325
3258.810000002384,-0.005432,-0.955292,-0.077576
3285.960000000894,0.100159,-1.061371,0.034012
3313.1100000031292,0.034149,-1.01889,0.107117
3340.260000001639,-0.081039,-1.029282,-0.046173
3367.4100000038743,0.057419,-1.009689,-0.002457
3394.6000000052154,0.02594,-0.999786,-0.051376
3421.7500000037253,0.033707,-1.022018,0.034897
3448.900000002235,0.036255,-1.006607,-5.95E-4
3476.050000000745,0.032257,-1.008209,-0.04805
3503.2000000029802,0.047562,-0.994949,-0.013229
3530.390000000596,0.060089,-1.014053,0.036484
3557.540000002831,0.084045,-1.007843,0.046692
3584.690000001341,0.093674,-1.006393,0.022614
3611.85000000149,0.079514,-1.022232,0.033173
3639.0000000037253,0.05191,-1.001511,0.028061
3666.1899999938905,0.053055,-1.003601,-0.009109
3693.3400000035763,0.090073,-1.016632,0.02597
3720.490000002086,0.090164,-0.99826,0.041153
3747.640000000596,0.080246,-1.012131,0.025757
3774.790000002831,0.055679,-1.016373,0.004288
3801.980000000447,0.073105,-1.024338,0.027527
3829.130000002682,0.151566,-1.016388,0.118988
3856.269999999553,0.163315,-1.030167,0.119415
3883.420000001788,0.176483,-1.037231,0.123322
3910.570000000298,0.169373,-1.036331,0.139481
3937.760000001639,0.19429,-1.048096,0.210358
3964.9100000075996,0.187714,-1.068024,0.118713
3992.0600000098348,0.188629,-1.10527,0.100067
4019.2100000046194,0.172684,-1.126282,0.20665
4046.359999999404,0.165985,-1.114441,0.407379
4073.5499999970198,0.0793,-1.287888,0.154724
4100.690000005066,0.065521,-1.348984,0.151062
4127.85000000149,0.144653,-1.23912,0.077194
4154.990000002086,0.666794,-1.358139,0.353745
4182.1399999931455,0.623932,-1.191269,0.05191
4209.329999987036,0.512482,-0.687668,0.182129
4236.470000002533,0.230286,-0.573853,0.05838
4263.620000001043,-0.010284,-0.572449,-0.228729
4290.760000001639,-0.14238,-0.334335,0.016266
4317.910000003874,0.025177,-0.46553,0.239944
4345.10000000149,0.327911,-0.796249,0.06485
4372.25,0.270676,-0.614883,0.055618
4399.400000002235,0.222733,-0.82608,0.064651
4426.550000000745,0.218719,-1.022034,0.111618
4453.710000000894,0.305069,-1.170044,0.115356
4480.900000002235,0.423538,-1.477066,0.124603
4508.050000000745,0.303467,-1.412918,0.217285
4535.190000001341,0.147308,-1.437744,0.201797
4562.35000000149,0.03537,-1.465103,0.270279
4589.500000003725,0.373032,-1.47226,0.721527
4616.680000003427,0.514038,-1.117523,0.423401
4643.830000001937,0.126968,-0.938446,0.201248
4670.980000004172,0.56926,-0.620956,0.591034
4698.130000002682,0.788589,-0.648804,0.284256
4725.280000004917,0.61882,-0.848251,0.174011
4752.470000002533,0.139206,-1.592834,0.179642
4779.619999997318,-0.30426,-1.19548,-0.086243
4806.770000003278,-0.590363,-1.357468,-0.64772
4833.920000005513,-0.054932,-1.421738,-0.10498
4861.070000004023,0.494995,-1.280762,1.107224
4888.260000001639,-0.090179,-1.06221,0.469131
4915.410000003874,-0.467377,-0.838409,-0.239609
4942.560000002384,-0.533661,-0.723724,-0.599442
4969.710000000894,-0.120895,-0.973633,-0.542404
4996.860000003129,0.055618,-0.987167,-0.221771
5024.050000000745,-0.060501,-0.99675,0.14325
5051.20000000298,-0.245682,-1.050766,0.372238
5078.35000000149,-0.231049,-1.082458,0.024506
5105.500000003725,-0.106491,-1.004684,-0.057114
5132.6500000059605,-0.164291,-0.957062,-0.054184
5159.839999999851,-0.183151,-1.018143,-0.04306
5186.989999998361,-0.163971,-1.013885,0.001389
5214.140000000596,-0.075623,-1.029099,0.078842
5241.290000002831,0.042969,-1.014206,0.171722
5268.45000000298,0.159943,-1.029861,0.212341
5295.630000002682,0.159317,-1.008774,0.164658
5322.790000002831,0.095413,-1.031967,0.0578
5349.940000001341,0.031326,-1.130264,0.131805
5377.090000003576,0.026993,-1.124161,0.22345
5404.240000002086,0.04982,-1.046814,0.299347
5431.430000003427,0.140045,-1.168488,0.354034
5458.590000003576,0.063309,-1.223923,0.12384
5485.740000002086,0.015747,-1.299942,0.105316
5512.890000000596,-0.049301,-1.615967,-0.064163
5540.039999999106,0.078629,-1.54924,-0.041885
5567.230000000447,0.674179,-1.584091,0.049026
5594.390000004321,0.557678,-1.136398,-0.165543
5621.540000002831,0.147659,-0.63649,-0.272385
5648.690000001341,-0.294235,-0.985291,-0.372772
5675.830000005662,-0.449539,-0.491394,-0.056702
5703.030000001192,-0.044968,-0.761566,0.244781
5730.170000001788,0.189255,-0.821289,0.158493
5757.309999998659,0.209,-0.827133,0.240875
5784.480000000447,0.448166,-1.019287,0.302277
5811.630000002682,0.037659,-1.157135,0.111633
5838.819999996573,0.100266,-1.30838,0.102921
5865.970000002533,0.159332,-1.464035,0.181763
5893.120000001043,0.093353,-1.57724,0.22934
5920.270000007004,0.084106,-1.755096,0.46489
5947.430000003427,0.047592,-1.116516,0.588394
5974.610000003129,0.317673,-1.134201,0.782166
6001.760000005364,0.867401,-0.832809,1.344543
6028.920000001788,1.343857,-0.252426,1.37648
6056.070000004023,1.913147,-0.6427,0.494278
6083.230000000447,0.844849,-1.520813,-0.930145
6110.420000001788,-0.330246,-1.274231,-0.389114
6137.570000004023,0.300217,-2.452805,0.831985
6164.730000000447,-0.10675,-1.006821,1.645798
6191.880000002682,-0.520462,-0.720795,-0.411041
6219.030000001192,-0.456116,-0.653061,-0.755783
6246.220000002533,0.044861,-0.89209,-1.276672
6273.380000002682,0.195099,-0.992249,-0.332932
6300.530000001192,0.028824,-1.031021,-0.046234
6327.679999999702,-0.195663,-1.005173,0.364899
6354.830000001937,-0.213806,-1.086945,0.333588
6382.010000005364,-0.452698,-0.914688,-0.404297
6409.170000001788,0.694824,-0.712311,1.892578
6436.320000000298,0.572693,-1.135483,0.080124
6463.470000002533,0.437607,-0.907181,-0.384979
6490.630000002682,0.23204,-1.101349,-0.215118
6517.810000002384,0.0681,-1.063721,0.333115
6544.960000004619,-0.117798,-1.064392,0.250763
6572.110000003129,-0.053726,-0.97699,-0.053864
6599.269999995828,0.180588,-1.013107,0.109802
6626.420000001788,0.184433,-1.048096,0.122803
6653.610000003129,0.051102,-1.115936,0.147385
6680.760000005364,-0.03772,-1.283524,0.110077
6707.920000001788,-0.09436,-1.124405,0.18277
6735.070000004023,-0.388489,-1.50415,-0.267868
6762.220000009984,-0.097275,-1.434341,0.320999
6789.410000003874,0.654556,-1.902451,0.512711
6816.5600000061095,1.344116,-1.537292,0.16449
6843.720000002533,1.485168,-1.85025,-0.54129
6870.870000004768,0.192688,-0.599121,-0.439575
6898.020000003278,-0.490524,-0.235062,-0.158218
6925.20000000298,-0.657791,-0.089966,0.639633
6952.350000005215,-0.458023,-0.39151,0.276093
6979.500000003725,-0.116501,-0.581894,0.028748
7006.6500000059605,0.395416,-1.071075,0.166901
7033.80000000447,0.504471,-1.110184,0.304581
7060.990000002086,0.511154,-1.408493,0.340164
7088.140000000596,0.351028,-1.655319,0.333344
7115.290000002831,0.173096,-1.960007,0.309479
7142.440000005066,0.012924,-2.021454,0.352539
7169.420000001788,0.058502,-1.549164,0.784256
7196.610000003129,0.317215,-0.979187,1.018265
7223.770000003278,1.025513,-0.337234,1.79921
7250.920000005513,1.25322,0.075333,1.065781
7278.070000004023,1.743088,-2.089813,0.121994
7305.230000004172,0.908936,-1.129089,-1.026871
7332.410000003874,-0.043839,-1.101089,-0.173141
7359.570000000298,-0.335403,-2.490051,2.458939
7386.719999998808,-0.983856,-1.115799,1.173096
7413.870000001043,-0.476303,-1.107513,-0.251404
7441.019999999553,-0.194794,-0.909225,-0.71814
7468.210000004619,0.21904,-1.012512,-0.560806
7495.360000003129,0.045227,-1.056015,0.020615
7522.510000001639,-0.240646,-0.996078,0.225464
7549.660000000149,-0.28952,-0.985214,-0.146088
7576.810000002384,-0.014893,-1.057083,-0.206055
7604.000000003725,-0.004135,-1.168839,0.053848
7631.150000002235,-0.071762,-1.111465,0.303329
7658.30000000447,-0.081161,-1.070236,0.089539
7685.45000000298,-0.079239,-1.007584,0.001312
7712.590000007302,-0.016495,-0.983139,0.084335
7739.780000001192,0.078247,-0.954056,0.14801
7766.930000003427,0.104858,-1.046295,0.065399
7794.080000001937,0.006989,-1.082123,0.138336
7821.230000000447,-0.107468,-1.02951,0.178223
7848.380000002682,-0.223587,-1.165619,0.15802
7875.570000000298,-0.366577,-1.494247,-0.001602
7902.710000004619,-0.273819,-1.47937,-0.070312
7929.870000004768,-0.002487,-1.263901,0.238602
7957.020000010729,0.558945,-1.988922,0.405197
7984.170000001788,1.343536,-2.101074,0.336502
8011.360000003129,1.375885,-1.260773,-0.334732
8038.510000001639,0.576157,-1.065994,-0.493408
8065.670000001788,-0.180115,-0.198395,-0.220749
8092.810000002384,-0.61937,-0.063843,0.389999
8119.969999998808,-0.631027,-0.519363,0.366791
8147.160000000149,-0.155914,-1.043182,0.239487
8174.310000002384,0.154892,-0.910339,0.341187
8201.460000000894,0.2565,-1.169724,0.3452
8228.610000006855,0.215103,-1.446274,0.374756
8255.75,0.075073,-1.687149,0.439651
8282.95000000298,-0.103195,-1.907013,0.38591
8310.10000000149,-0.239395,-2.041016,0.419479
8337.25,-0.025772,-1.5354,1.093536
8364.400000002235,0.677322,-0.842026,1.725327
8391.550000000745,1.354034,-0.289169,1.99144
8418.730000000447,1.472855,-0.085709,0.98732
8445.880000002682,1.272354,-1.375351,-0.280853
8473.030000001192,-0.295609,-2.035782,-3.260651
8500.170000005513,-0.070465,-1.394623,-0.025681
8527.320000000298,-0.115524,-2.582504,2.890381
8554.510000005364,-0.593506,-0.892929,0.343658
8581.660000000149,-0.396805,-1.014618,-0.200104
8608.809999998659,-0.2948,-0.684494,-0.75824
8635.95000000298,-0.010956,-0.882401,-0.89595
8663.100000005215,0.159027,-1.084488,-0.416031
8690.280000001192,-0.020111,-0.96051,0.036697
8717.440000005066,-0.232498,-1.010239,0.164841
8744.5899999924,-0.254593,-1.013214,-0.046585
8771.730000000447,-0.127014,-1.040771,-0.108627
8798.880000002682,-0.027344,-1.031662,0.016418
8826.070000004023,0.031876,-1.057404,0.148575
8853.220000002533,0.029785,-1.047012,0.214279
8880.370000004768,-0.052887,-1.00528,0.172806
8907.530000001192,-0.039368,-1.019608,0.058914
8934.670000001788,-0.019089,-1.060486,0.028534
8961.86000000313,-0.048737,-1.107727,0.015091
8989.01000000164,-0.180008,-1.078293,0.170547
9016.160000003874,-0.233719,-1.240646,0.177872
9043.310000002384,-0.326599,-1.352631,-0.092575
9070.45000000298,-0.321838,-1.219543,-0.020721
9097.640000000596,-0.248169,-1.870148,-0.386459
9124.790000002831,0.238434,-1.556046,0.34285
9151.940000001341,1.416412,-3.219925,0.503738
9179.080000005662,0.551315,-0.515686,-0.224731
9206.240000009537,0.910904,-1.672104,-0.505203
9233.419999986887,-0.108673,-0.232971,-0.503571
9260.570000004023,-0.592712,-0.029388,-0.406784
9287.720000002533,-0.564651,-0.466461,0.058868
9314.870000004768,-0.088699,-0.989853,0.237091
9342.019999999553,0.21344,-1.011749,0.426071
9369.210000000894,0.349869,-1.331085,0.383148
9396.36000000313,0.342987,-1.501709,0.285767
9423.509999997914,0.28714,-1.641708,0.242844
9450.660000003874,0.153915,-1.942383,0.329102
9477.810000002384,0.004288,-1.878708,0.633926
9504.990000002086,0.475311,-1.281448,1.237091
9532.140000004321,0.92691,-0.814484,1.409225
9559.290000002831,1.407471,-0.329407,1.450058
9586.440000005066,1.386871,-0.334396,0.804718
9613.580000005662,1.199844,-0.943344,0.099854
9640.770000003278,0.006836,-1.871613,-0.778976
9667.910000000149,-0.558105,-2.961594,0.28096
9695.070000004023,-0.775162,-0.723831,2.170685
9722.219999998808,-0.523392,-1.149292,0.314117
9749.369999997318,-0.217682,-0.639877,-0.688843
9776.560000002384,0.041519,-0.970322,-0.933731
9803.710000000894,0.150131,-1.100296,-0.367264
9830.86000000313,-0.128693,-1.010208,0.05867
9858.010000005364,-0.310028,-1.030594,0.163773
9885.1600000076,-0.253876,-1.077682,-0.066528
9912.350000005215,-0.08429,-1.035019,-0.041595
9939.490000002086,-0.01004,-1.04126,0.061584
9966.640000004321,0.040756,-1.004562,0.04274
9993.790000002831,0.017365,-0.959335,-0.051895
10020.95000000298,0.00296,-0.938889,0.045517
10048.130000006407,0.013214,-0.969986,0.147705
10075.280000001192,-0.033615,-1.074265,0.007812
10102.430000003427,-0.089584,-1.076965,-0.03067
10129.580000001937,-0.183701,-1.028519,0.143265
10156.730000004172,-0.21463,-1.155762,0.387222
10183.920000001788,-0.4104,-1.411545,-0.057098
10211.070000000298,-0.532654,-1.552902,-0.151382
10238.220000002533,-0.298004,-1.65802,-0.182846
10265.370000001043,0.727005,-2.242661,0.13504
10292.530000004917,1.481354,-1.802032,0.573364
10319.720000002533,0.880295,-1.30838,-0.458908
10346.870000004768,0.227936,-0.600403,-0.546875
10374.020000003278,-0.401596,-0.059296,-0.25264
10401.170000001788,-0.632263,-0.125214,0.013535
10428.21000000462,-0.520874,-0.669174,0.047714
10455.51000000164,-0.07991,-1.064941,0.387421
10482.660000003874,0.041336,-1.232101,0.285187
10509.810000002384,0.163773,-1.496368,0.306259
10536.970000002533,0.178009,-1.621811,0.193863
10564.120000004768,0.051987,-1.856552,0.366638
10591.30000000447,0.108185,-1.922302,0.489655
10618.45000000298,0.370346,-1.594086,1.063599
10645.599999997765,0.602615,-0.72879,1.067291
10672.75,1.164368,-0.607864,1.404938
10699.90000000596,1.289902,-0.285538,1.048248
10727.10000000149,1.228912,-1.745621,0.345871
10754.230000007898,0.682526,-0.989441,-0.073959
10781.400000002235,-0.613007,-1.004333,-0.115646
10808.550000000745,-0.529327,-2.926712,1.011688
10835.710000000894,-0.531128,-0.981445,1.678009
10862.890000000596,-0.404663,-0.768051,-0.322861
10890.040000014007,-0.17337,-0.914871,-0.954758
10917.199999999255,0.178864,-0.984085,-0.300476
10944.35000000149,-0.051422,-1.056427,0.226578
10971.5,-0.266174,-1.020508,0.147934
10998.679999999702,-0.228668,-1.060318,-0.216293
11025.830000001937,-0.099823,-1.017853,-0.011047
11052.98999999836,-0.082169,-1.029968,0.011826
11080.140000004321,0.057449,-1.012894,0.094452
11107.289999999106,0.026077,-0.993042,-0.051758
11134.470000002533,-0.005936,-0.968246,0.038406
11161.620000001043,-0.024246,-1.025742,0.191483
11188.780000001192,-0.048721,-1.051941,0.11409
11215.929999999702,-0.101669,-1.057953,0.070999
11243.080000001937,-0.137192,-1.035233,0.202209
11270.26000000164,-0.201859,-1.212143,0.215118
11297.410000011325,-0.495071,-1.457657,-0.19249
11324.560000002384,-0.416428,-1.469269,-0.005554
11351.71000000462,-0.182617,-1.599579,0.05368
11378.86000000313,0.666946,-2.300659,0.385941
11406.050000000745,1.221329,-1.596527,0.556992
11433.20000000298,1.081345,-1.65332,-0.546677
11460.36000000313,0.472214,-0.963516,-0.686508
11487.510000005364,-0.397781,-0.252731,-0.502609
11514.65000000596,-0.580231,-0.209106,0.035583
11541.840000003576,-0.501892,-0.396561,0.32045
11568.990000002086,0.107986,-0.912094,0.361115
11596.140000000596,0.1931,-0.929306,0.137161
11623.300000000745,0.309174,-1.282242,0.283646
11650.449999999255,0.391006,-1.565491,0.366608
11677.630000002682,0.300095,-1.805527,0.304199
11704.780000001192,0.156479,-2.138687,0.251633
11731.930000003427,-0.068756,-2.211105,0.557281
11759.080000005662,0.25,-1.188278,1.506104
11786.240000002086,1.239792,-0.648087,2.343491
11813.420000001788,1.567886,0.192261,1.516098
11840.569999996573,1.700546,-0.931763,0.580444
11867.720000002533,0.116806,-1.805084,-1.618622
11894.870000001043,-0.22731,-0.781998,-0.190323
11922.020000003278,0.021683,-2.3582,1.384811
11949.21000000462,-0.502869,-0.999954,1.426208
11976.36000000313,-0.384155,-1.136429,0.02533
12003.51000000164,-0.244705,-0.860123,-0.470383
12030.660000000149,-0.25441,-0.869461,-0.816315
12057.810000002384,-0.022888,-1.02269,-0.583099
12084.990000002086,0.024307,-1.014008,-0.141464
12112.140000000596,-0.138489,-1.029541,0.122971
12139.290000010282,-0.284912,-0.999405,0.064285
12166.290000002831,-0.216599,-1.058762,-0.19075
12193.440000005066,0.003845,-1.015625,0.068481
12220.619999997318,0.053711,-1.027695,0.108383
12247.770000003278,-0.013779,-1.014069,0.143845
12274.929999999702,-0.016434,-0.992279,0.10907
12302.080000001937,-0.052353,-1.059433,0.03891
12329.230000004172,-0.121674,-1.112305,-0.050964
12356.420000001788,-0.180939,-1.092575,0.116409
12383.570000004023,-0.308884,-1.224335,0.231094
12410.720000002533,-0.436188,-1.366806,-0.039978
12437.86000000313,-0.53035,-1.700119,-0.185867
12465.01000000164,-0.433823,-1.468307,-0.247711
12492.20000000298,0.240738,-1.66185,0.125046
12519.340000003576,1.708099,-2.551208,0.679108
12546.490000002086,0.89502,-1.530563,-0.590393
12573.650000002235,0.801956,-1.284088,-0.620392
12600.790000002831,-0.080536,-0.200699,-0.400177
12627.970000002533,-0.392303,-0.120193,-0.02771
12655.120000008494,-0.48645,-0.293915,0.499908
12682.270000007004,-0.154373,-0.970245,0.253784
12709.420000005513,0.032837,-0.92189,0.132797
12736.570000000298,0.123215,-1.05336,0.196411
12763.750000003725,0.175064,-1.475327,0.351486
12790.900000002235,0.255768,-1.783066,0.54071
12818.05000000447,0.097244,-1.940704,0.42865
12845.190000001341,0.089401,-2.118134,0.565384
12872.340000003576,0.311935,-1.486984,1.206284
12899.530000004917,0.853973,-0.76889,1.463669
12926.679999999702,1.925766,-0.312881,2.269058
12953.830000001937,1.539505,-0.189163,0.778122
12980.980000000447,0.763702,-1.699097,-0.681961
13008.120000004768,-0.167511,-1.29335,-1.140259
13035.310000002384,0.008392,-1.410706,0.599899
13062.460000000894,-0.544373,-3.141693,2.626785
13089.61000000313,-0.513885,-0.766068,0.100281
13116.76000000164,-0.238113,-1.041229,-0.37944
13143.910000003874,-0.224365,-1.027588,-0.690262
13171.0899999924,-0.023331,-1.00293,-0.390503
13198.23999999836,4.88E-4,-1.012604,-0.060318
13225.380000006407,-0.159729,-1.008286,0.010971
13252.540000002831,-0.230194,-1.036179,-0.104645
13279.690000008792,-0.165344,-1.028137,-0.114456
13306.869999993593,0.155487,-1.015289,0.248703
13334.020000003278,0.03009,-1.021545,0.025558
13361.170000001788,-0.068344,-0.982101,-0.126389
13388.320000004023,-0.043686,-0.958817,0.095215
13415.470000002533,-0.022049,-1.065262,0.099228
13442.660000000149,-0.051086,-1.105957,0.029083
13469.80000000447,-0.205231,-1.137009,0.044662
13496.959999997169,-0.311554,-1.184296,0.216232
13524.11000000313,-0.470413,-1.483185,0.062424
13551.25,-0.491806,-1.477188,-0.174667
13578.440000001341,-0.140381,-1.802155,-0.174286
13605.590000003576,0.460129,-1.998764,0.497772
13632.730000000447,1.252716,-2.402206,0.610748
13659.880000002682,0.477768,-0.942474,-0.533722
13687.030000001192,0.496841,-1.002594,-0.594223
13714.210000008345,-0.225815,-0.295059,-0.578018
13741.359999999404,-0.294403,-0.244965,-0.143066
13768.51000000164,-0.043213,-0.465347,0.379272
13795.660000000149,0.135498,-0.812531,0.422913
13822.810000002384,0.198288,-0.901108,0.226913
13849.990000002086,0.335724,-1.147736,0.412354
13877.140000000596,0.160156,-1.378723,0.331223
13904.290000002831,0.204407,-1.712723,0.287369
13931.440000001341,0.049042,-2.028442,0.213821
13958.590000003576,0.010437,-2.468109,0.956299
13985.780000004917,0.249161,-0.97731,1.474915
14012.930000003427,1.458038,-0.745193,2.036789
14040.080000001937,1.701004,0.104813,1.279144
14067.230000000447,1.851334,-1.177032,0.258148
14094.380000002682,0.106644,-1.57106,-1.86673
14121.560000002384,-0.29306,-0.783142,-0.267273
14148.710000000894,-0.318527,-2.212082,1.398529
14175.86000000313,-0.329544,-0.815247,1.357727
14203.0,-0.179489,-1.048355,-0.062927
14230.140000004321,-0.342514,-0.899597,-0.65834
14257.330000001937,-0.069717,-1.045059,-0.3918
14284.470000006258,-0.056473,-1.134583,0.269653
14311.619999997318,-0.162323,-1.025345,0.324982
14338.770000003278,-0.131714,-0.980606,-0.307861
14365.9100000076,-0.107941,-0.979599,-0.409561
14393.10000000149,-0.100403,-1.0354,-0.062103
14420.240000005811,-0.022598,-1.041992,0.346313
14447.399999994785,-0.01265,-1.029922,0.284409
14474.54999998957,-0.002548,-0.957977,-0.09761
14501.70000000298,0.055771,-0.914841,-0.124191
14528.880000002682,0.123047,-0.962402,0.021454
14556.040000002831,0.11879,-1.040283,0.02124
14583.190000001341,-0.068344,-1.059067,0.087021
14610.350000005215,-0.175659,-1.070877,0.182892
14637.500000003725,-0.244644,-1.199448,0.168076
14664.690000001341,-0.320572,-1.360275,-0.092514
14691.850000005215,-0.453445,-1.274109,0.007507
14719.000000003725,-0.265564,-1.662598,0.059967
14746.15000000596,-0.003723,-1.422714,0.566574
14773.300000000745,1.163376,-3.181229,1.015579
14800.490000002086,0.840576,-0.365585,0.135391
14827.640000004321,1.037109,-1.851868,-0.911209
14854.790000002831,0.113998,-0.306931,-0.793533
14881.940000005066,-0.400925,-0.064362,-0.515778
14909.090000003576,-0.417633,-0.369034,0.026657
14936.280000001192,-0.341705,-0.6931,0.49292
14963.429999999702,-0.018829,-0.923889,0.676147
14990.570000004023,0.220718,-1.114044,0.386337
15017.720000002533,0.218628,-1.332611,0.414795
15044.879999998957,0.176147,-1.527695,0.323029
15072.060000002384,0.351959,-1.804367,0.363266
15099.210000000894,0.185715,-1.907898,0.358032
15126.360000006855,0.031311,-1.713638,0.836136
15153.510000005364,0.469727,-1.025589,1.141174
15180.650000002235,0.918396,-0.575089,1.201721
15207.839999999851,1.302979,-0.388901,0.931778
15234.990000002086,1.345901,-1.339478,0.33963
15262.140000004321,0.59082,-1.364639,0.111618
15289.280000001192,0.131195,-1.545792,-0.652771
15316.430000003427,-0.827087,-0.731491,-0.297836
15343.609999999404,-1.319107,-2.511719,1.113754
15370.76000000164,-0.423874,-1.080444,0.688828
15397.900000002235,-0.01712,-1.111267,0.197708
15425.050000000745,0.073471,-0.883224,-0.386612
15452.199999999255,0.15062,-0.942322,-0.537109
15479.380000006407,0.062363,-0.980179,-0.443268
15506.530000004917,-0.267883,-1.013947,-0.189743
15533.670000001788,-0.24971,-0.969803,0.053833
15560.820000004023,-0.082047,-0.973206,0.036987
15587.970000002533,-0.71373,-0.882523,-1.088333
15615.150000002235,1.149277,-0.735718,2.566574
15642.30000000447,0.834885,-1.309052,-0.130157
15669.45000000298,-0.065872,-0.862015,0.014313
15696.60000000894,-0.539307,-1.40303,0.488083
15723.750000003725,-0.449234,-1.126434,0.116028
15750.940000005066,-0.027695,-1.169342,-0.015411
15778.090000007302,-0.215317,-1.043976,0.541183
15805.240000002086,-0.251617,-1.071976,0.403503
15832.390000004321,-0.261002,-1.176712,-0.165848
15859.540000002831,-0.294754,-1.228104,-0.3311
15886.720000002533,-0.156494,-1.537552,-0.199417
15913.870000001043,-0.022232,-1.252914,0.019836
15941.020000007004,0.330215,-1.202255,0.816574
15968.170000001788,1.201599,-2.716461,0.431793
15995.31000000611,0.782486,-0.691757,-0.081116
16022.50000000745,0.632706,-1.577179,-0.505615
16049.65000000596,-0.312622,-0.447693,-0.505814
16076.790000002831,-0.634689,-0.149399,-0.189056
16103.940000001341,-0.544388,-0.319351,0.252441
16131.090000003576,-0.197021,-0.715118,0.155762
16158.280000001192,0.250168,-0.985168,0.127167
16185.430000003427,0.43486,-1.152573,0.260712
16212.580000005662,0.62262,-1.512833,0.334793
16239.730000000447,0.718155,-1.704514,0.426376
16266.880000002682,0.395584,-1.794373,0.186996
16294.069999996573,0.345093,-2.350464,0.224457
16321.220000002533,0.34407,-1.751343,1.095413
16348.359999999404,0.45343,-0.933212,1.390549
16375.51000000164,1.088455,-0.433868,1.560272
16402.66000000015,1.281113,-0.097702,1.220306
16429.85000000894,1.326889,-1.554413,0.530533
16457.0,0.508102,-1.53624,-0.633194
16484.150000002235,-0.261932,-0.766571,-0.404663
16511.30000000447,-0.23999,-3.323135,0.402939
16538.449999999255,-0.828461,-1.219391,1.896591
16565.64000000432,-0.594193,-0.833801,-0.074921
16592.79000000283,-0.483475,-0.825638,-0.6203
16619.940000005066,-0.209717,-0.919296,-0.706711
16647.090000003576,0.076904,-1.003876,-0.279434
16674.240000002086,-0.008606,-0.95961,-0.089294
16701.430000003427,-0.140991,-1.063187,0.001419
16728.580000001937,-0.202072,-1.010452,-0.034103
16755.730000000447,-0.14267,-1.05249,-0.024048
16782.89000000432,-0.09642,-1.009033,0.066467
16810.04000000283,0.018723,-1.143509,0.047104
16837.230000000447,-0.020493,-1.027344,-0.019455
16864.380000002682,-0.064545,-0.950775,-0.021622
16891.530000008643,-0.037308,-1.012466,0.016418
16918.680000003427,-0.065308,-1.088821,0.172241
16945.830000001937,-0.142776,-1.07901,0.179123
16973.019999999553,-0.236877,-1.16597,0.166977
17000.170000005513,-0.300903,-1.394653,-0.058746
17027.320000000298,-0.512787,-1.570251,-0.237015
17054.470000002533,-0.35463,-1.704895,0.028458
17081.620000001043,0.086517,-1.897141,0.042587
17108.810000002384,1.306061,-1.951218,0.899963
17135.96000000462,0.824982,-1.137329,-0.378586
17163.11000000313,0.446136,-0.984726,-0.728333
17190.110000006855,-0.301834,-0.225021,-0.363449
17217.260000005364,-0.630188,-0.157043,-0.030563
17244.44000000134,-0.643585,-0.254944,0.45076
17271.599999997765,-0.305145,-0.761215,0.29718
17298.750000003725,0.139267,-1.033081,0.586731
17325.900000002235,0.140335,-1.182404,0.380295
17353.060000002384,0.075592,-1.463486,0.404037
17380.250000003725,0.011047,-1.700394,0.341507
17407.400000002235,-0.13443,-1.880981,0.266434
17434.55000000447,-0.179169,-1.949677,0.336563
17461.71000000462,0.113602,-1.556122,0.970383
17488.86000000313,0.786118,-0.803894,1.773819
17516.05000000447,1.612198,-0.166794,1.998322
17543.199999999255,1.7005,-0.40184,1.007431
17570.35000000149,1.02774,-1.641342,-1.376968
17597.5,-0.096146,-0.865387,-0.212585
17624.650000002235,0.113159,-2.42984,1.288086
17651.840000003576,-0.211014,-0.834076,1.277817
17678.990000002086,-0.323959,-1.472107,0.11351
17706.14000000432,-0.383575,-0.817413,-0.498154
17733.29000000283,-0.104324,-1.017563,-0.452271
17760.44000000134,0.019318,-1.025879,-0.233597
17787.630000002682,-0.108246,-0.98085,-0.104996
17814.780000008643,-0.14621,-1.006485,-0.040314
17841.920000001788,-0.050323,-1.020309,0.029739
17869.080000001937,-0.031891,-1.029968,0.030136
17896.230000004172,-0.049057,-1.052261,0.049408
17923.410000003874,-0.062958,-1.036087,0.134872
17950.560000002384,-0.019165,-0.971878,0.148743
17977.71000000462,-0.056946,-1.071548,0.028183
18004.85999999568,-0.119431,-1.14653,-0.13884
18032.010000005364,-0.198746,-1.143921,-0.068329
18059.199999999255,-0.21344,-1.111938,0.243515
18086.35000000149,-0.331955,-1.318451,0.302765
18113.500000003725,-0.554352,-1.64978,-0.029709
18140.650000002235,-0.570679,-1.836166,-0.348602
18167.810000002384,-0.204895,-1.633301,-0.314407
18194.980000000447,1.130081,-2.209167,0.67923
18222.14000000432,1.034866,-1.265579,0.012604
18249.28999999538,0.970551,-1.536713,-0.652451
18276.44000000134,-0.016037,-0.18837,-0.51796
18303.590000003576,-0.380722,-0.201767,-0.288986
18330.780000001192,-0.452393,-0.494553,0.255112
18357.930000003427,-0.348846,-0.915649,0.493851
18385.080000001937,0.028244,-0.972809,0.786758
18412.230000004172,0.20166,-1.266281,0.402039
18439.379999998957,0.295883,-1.49585,0.353012
18466.570000000298,0.078186,-1.576706,0.417923
18493.720000002533,-0.109238,-1.768097,0.433105
18520.870000001043,0.015335,-1.848343,0.825912
18548.030000001192,0.494751,-1.118179,1.4646
18575.179999999702,1.087479,-0.76207,1.356934
18602.36000000313,1.523758,-0.326355,1.704788
18629.52000000328,1.440491,-0.415497,0.963135
18656.670000005513,0.564941,-1.687378,-0.323746
18683.820000004023,-0.951065,-1.00177,-2.507278
18710.969999995083,-0.405029,-1.530411,-0.086288
18738.150000002235,-1.053665,-1.858475,2.789246
18765.310000002384,-0.137939,-0.988007,0.531174
18792.46000000462,0.047989,-1.072708,-0.363693
18819.600000005215,-0.163666,-0.946426,-0.851334
18846.76000000164,0.015656,-1.009094,-0.553757
18873.95000000298,-0.01268,-1.005173,-0.084961
18901.100000005215,-0.145615,-1.004471,0.078278
18928.250000003725,-0.189972,-1.030258,-0.011261
18955.410000003874,-0.145523,-1.033218,-0.092468
18982.56000000611,-0.068726,-1.019165,0.072632
19009.75000000745,0.010437,-0.954071,0.123779
19036.899999987334,0.101776,-0.931839,-0.004852
19064.050000000745,0.080734,-0.977661,-0.087769
19091.20000000298,-0.033966,-1.075699,-0.00209
19118.35000000149,-0.210464,-1.118668,0.113968
19145.54000000283,-0.289413,-1.121521,0.213943
19172.69000000879,-0.479324,-1.32222,0.320786
19199.840000003576,-0.733398,-1.538437,-0.091248
19226.980000004172,-0.529251,-1.737518,-0.282318
19254.130000002682,-0.256805,-1.662735,-0.342072
19281.320000004023,1.012299,-2.409073,0.600754
19308.470000002533,0.824081,-0.722214,0.292084
19335.620000001043,0.668045,-1.627533,-1.0746
19362.77000000328,-0.004288,-0.360657,-0.75589
19389.910000003874,-0.492477,-0.103104,-0.539886
19417.090000003576,-0.251541,-0.634354,-0.018921
19444.240000002086,-0.103348,-1.186905,0.388382
19471.39000000432,-0.04039,-1.033279,0.560638
19498.539999999106,0.11084,-1.404358,0.427597
19525.69000000134,0.183182,-1.603241,0.212082
19552.870000008494,0.209427,-1.7453,0.094437
19580.02000000328,0.050766,-2.077103,0.229813
19607.170000005513,-0.04834,-1.636276,0.687775
19634.310000002384,0.687134,-0.919907,1.761215
19661.46000000462,1.334076,-0.562271,1.663223
19688.640000000596,1.517715,-0.281067,1.189819
19715.79000000283,1.504456,-1.18869,0.364548
19742.94000000134,0.642258,-0.999481,-0.219528
19770.090000003576,-0.492996,-0.688446,-0.164963
19797.24000000581,-1.277313,-4.538956,1.04364
19824.420000001788,-0.543106,-0.579117,2.107025
19851.570000011474,-0.171661,-1.311752,-0.122665
19878.710000000894,-0.109238,-0.907715,-0.863724
19905.860000006855,0.279648,-1.026932,-0.428436
19933.0,0.024261,-1.035553,0.123184
19960.19000000134,-0.358215,-1.097641,0.240631
19987.330000001937,-0.380707,-1.026917,-0.040787
20014.47000000626,-0.066589,-0.988434,-0.19133
20041.619999997318,0.014816,-0.995743,-0.036407
20068.77000000328,-0.097992,-1.002945,0.154694
20095.95000000298,-0.096207,-1.002686,0.12561
20123.0900000073,-0.00386,-0.981415,0.051712
20150.240000002086,-0.01886,-0.899307,0.083466
20177.390000000596,0.035614,-0.988312,0.115128
20204.530000004917,0.013016,-1.015915,0.093109
20231.720000002533,-0.143936,-1.052826,0.207062
20258.859999999404,-0.276291,-1.219131,0.188507
20286.01000000164,-0.517899,-1.365158,-0.031891
20313.150000002235,-0.45932,-1.43309,-0.171219
20340.300000000745,-0.297394,-1.534607,-0.165375
20367.480000000447,0.239182,-1.678543,0.485535
20394.630000002682,1.401367,-2.525436,0.620956
20421.77000000328,1.195358,-1.353439,-0.007568
20448.920000001788,0.941177,-1.451263,-0.632126
20476.060000002384,-0.078934,-0.235992,-0.398834
20503.250000003725,-0.504929,-0.10144,-0.144913
20530.390000000596,-0.479706,-0.282654,0.264145
20557.539999999106,-0.291626,-0.599472,0.359879
20584.679999999702,0.081741,-1.233902,0.264038
20611.830000005662,0.248917,-1.092422,0.344009
20639.010000005364,0.28154,-1.379395,0.404175
20666.140000000596,0.274155,-1.757278,0.367569
20693.310000002384,0.084152,-2.053543,0.481552
20720.45000000298,0.218582,-2.176544,0.618713
20747.60000000149,0.221039,-1.408264,1.295975
20774.79000000283,1.123657,-0.617722,2.103363
20801.930000003427,1.595444,0.155121,1.816559
20829.070000000298,1.66954,-0.663452,0.712723
20856.220000002533,0.39325,-1.674896,-0.977524
20883.359999999404,-0.375244,-0.813599,-0.430832
20910.54000000283,-0.330551,-2.327026,0.91153
20937.69000000879,0.075684,-0.744583,2.576782
20964.83999999985,-0.297424,-1.076706,-0.102219
20991.980000004172,-0.4496,-0.93132,-0.73996
21019.130000002682,-0.174896,-0.993057,-0.585617
21046.31000000611,-0.05278,-1.04129,-0.07048
21073.46000000462,-0.12854,-1.064087,0.154816
21100.61000000313,-0.217468,-1.020447,-0.05246
21127.75,-0.096207,-1.011612,-0.138397
21154.900000002235,-0.018936,-1.022888,-0.0466
21182.080000001937,-0.006943,-1.025894,0.12323
21209.230000000447,0.044144,-1.007263,0.200729
21236.37000000477,0.058792,-0.947998,0.038651
21263.519999999553,0.053818,-0.909454,-0.014496
21290.670000001788,0.021774,-1.067123,0.029099
21317.850000005215,-0.09874,-1.108261,0.113663
21345.000000003725,-0.225494,-1.057922,0.171738
21372.140000000596,-0.276138,-1.133942,0.208832
21399.29000000283,-0.40889,-1.446777,-0.071304
21426.430000007153,-0.538788,-1.456757,-0.157578
21453.620000001043,-0.334747,-1.762085,-0.36499
21480.76000000164,0.210922,-1.571075,0.454834
21507.91000000015,1.454361,-2.679321,0.664886
21535.060000002384,0.68222,-1.444519,-0.536652
21562.20000000298,0.804825,-1.326492,-0.460526
21589.379999998957,0.096878,-0.453293,-0.37616
21616.530000004917,-0.43132,-0.196442,-0.247086
21643.680000003427,-0.332611,-0.29892,0.184174
21670.82000000775,-0.092743,-0.628052,0.308014
21697.969999998808,0.12413,-1.078217,0.27037
21725.150000002235,0.173798,-1.209488,0.508438
21752.300000000745,0.142075,-1.48317,0.316025
21779.44000000134,0.240295,-1.829498,0.305466
21806.58999999985,0.030731,-2.179886,0.36763
21833.730000004172,0.140747,-1.974854,1.10817
21860.920000005513,0.690552,-0.959442,1.881042
21888.05999999866,1.753571,-0.427505,2.556107
21915.20000000298,1.643524,0.330841,1.157104
21942.35000000149,0.992111,-1.49556,-0.306992
21969.49000000581,-0.187225,-1.137207,-0.942291
21996.679999999702,0.138077,-1.45105,0.987
22023.830000001937,0.934082,-1.888687,3.978119
22050.970000002533,-0.574661,-0.965088,0.064865
22078.11000000313,-0.620651,-0.973816,-0.579849
22105.25,-0.525131,-0.977249,-0.468765
22132.430000007153,-0.053177,-1.040009,-0.047989
22159.579999994487,-0.084015,-1.15477,0.147385
22186.570000004023,-0.181091,-1.01593,-0.026062
22213.710000000894,-0.169479,-0.931595,-0.086685
22240.86000000313,0.030838,-0.989624,-0.0681
22268.04000000283,0.088852,-1.000397,-0.054184
22295.180000003427,0.019775,-0.997894,0.033707
22322.330000001937,-0.044022,-0.992035,0.125381
22349.469999998808,-0.03923,-0.880585,0.11322
22376.62000000477,0.056732,-0.951004,0.091995
22403.800000000745,0.108719,-1.009064,0.079498
22430.95000001043,0.061905,-1.013321,0.115372
22458.08999999985,-0.116333,-1.094788,0.291458
22485.240000002086,-0.221069,-1.238663,0.092941
22512.380000002682,-0.383392,-1.335098,0.058212
22539.56000000611,-0.480682,-1.668854,-0.166229
22566.70000000298,-0.240112,-1.542389,0.010574
22593.8400000073,0.531555,-1.890839,0.780533
22620.980000000447,1.235626,-2.141815,0.116318
22648.130000002682,0.781357,-0.985031,-0.208496
22675.310000002384,0.680344,-1.265854,-0.502396
22702.45000000298,0.060532,-0.274857,-0.352478
22729.60000000149,-0.31015,-0.020813,-0.180145
22756.740000002086,-0.315216,-0.429764,0.155319
22783.88999999687,-0.106201,-0.920044,0.314957
22811.070000000298,0.087692,-0.890579,0.51384
22838.220000002533,0.121506,-1.34967,0.564362
22865.359999999404,0.269928,-1.477615,0.227005
22892.51000000164,0.152985,-1.700363,0.496475
22919.66000000015,0.014191,-1.849579,0.387756
22946.83999999985,0.15802,-1.574387,0.762405
22973.990000002086,0.313049,-1.175491,1.272903
23001.130000002682,0.714783,-0.738083,1.443604
23028.280000004917,1.090897,-0.41423,1.2547
23055.429999999702,1.267502,-0.36412,1.183426
23082.61000000313,0.750702,-1.258896,0.309387
23109.76000000909,0.052185,-2.121445,-1.130539
23136.910000003874,-0.504959,-1.43042,-0.580002
23164.039999999106,-0.678604,-2.052246,0.878387
23191.210000000894,-0.281448,-1.132187,1.609268
23218.390000008047,0.03038,-0.937851,-0.05571
23245.54000000283,-0.08812,-0.954315,-0.762848
23272.680000003427,0.062576,-1.098999,-0.440125
23299.829999998212,-0.038528,-1.020416,0.156448
23326.980000004172,-0.209686,-1.021973,0.387695
23354.160000003874,-0.269562,-1.019897,-0.158646
23381.300000000745,-0.146759,-1.026688,-0.191956
23408.45000000298,-0.082352,-1.050537,0.065323
23435.590000003576,-0.084793,-1.042374,0.116379
23462.73999999836,-0.013885,-1.003601,-0.006714
23489.920000001788,0.013855,-0.92334,-0.118057
23517.060000002384,0.045349,-1.002899,-0.067245
23544.20999999717,-0.001068,-1.07933,0.071579
23571.35000000149,-0.168472,-1.066193,0.122742
23598.5,-0.290375,-1.08519,0.200378
23625.69000000134,-0.321655,-1.143173,0.306198
23652.830000001937,-0.454865,-1.49176,-0.060776
23679.970000002533,-0.422516,-1.416412,-0.225479
23707.12000000477,-0.142868,-1.460175,-0.239594
23734.27000000328,0.565018,-1.843079,0.500565
23761.460000000894,1.541214,-2.334824,0.319824
23788.599999997765,1.178986,-1.370361,-0.384811
23815.750000003725,0.591644,-1.101044,-0.703232
23842.890000008047,-0.214401,-0.153427,-0.374283
23870.039999999106,-0.5289,-0.136993,-0.059555
23897.220000002533,-0.434647,-0.392715,0.380386
23924.370000001043,-0.08989,-1.34343,0.423477
23951.52000000328,0.113632,-1.068176,0.590134
23978.670000001788,0.149353,-1.243851,0.414307
24005.820000000298,0.274902,-1.641983,0.388718
24033.000000003725,0.188828,-1.818634,0.589905
24060.150000002235,0.108246,-2.035568,0.493256
24087.30000000447,0.222397,-1.816452,0.898392
24114.45000000298,0.509903,-1.013748,1.360596
24141.590000003576,1.426331,-0.514359,1.95813
24168.780000001192,1.5681,0.061142,1.206009
24195.930000003427,1.769409,-1.316147,0.294662
24223.070000011474,-0.030853,-1.762375,-1.1651
24250.219999998808,-0.476944,-0.812088,-0.415848
24277.370000001043,-0.382538,-2.716949,0.278549
24304.550000000745,-0.456909,-1.264633,2.228104
24331.70000000298,-0.01355,-1.078903,0.345657
24358.840000003576,-0.022812,-0.941833,-0.413574
24385.990000002086,-0.160095,-0.951889,-0.729431
24413.130000002682,-0.181595,-0.87291,-0.694443
24440.320000004023,-0.037003,-1.046616,-0.250717
24467.460000000894,-0.149994,-1.018021,0.137527
24494.61000000313,-0.305496,-1.070587,0.201569
24521.760000005364,-0.258575,-1.072403,-0.007767
24548.90000000596,-0.131073,-1.038757,0.035217
24576.0900000073,-0.01152,-1.010986,0.108261
24603.240000002086,0.047318,-0.98526,-0.096039
24630.380000002682,0.032822,-0.903717,-0.089569
24657.530000001192,-0.026001,-1.045227,0.121338
24684.680000003427,-0.080719,-1.065582,0.216507
24711.86000000313,-0.089569,-0.958313,0.13974
24739.01000000164,-0.204742,-1.067719,0.164551
24766.160000003874,-0.249603,-1.207611,-0.086594
24793.310000002384,-0.414352,-1.584351,-0.14241
24820.45000000298,-0.487961,-1.481567,-0.077911
24847.640000000596,-0.114136,-1.703018,0.169373
24874.79000000283,0.838547,-2.535736,0.71489
24901.929999999702,1.012695,-1.34552,-0.023911
24929.080000001937,0.811295,-1.364029,-0.645996
24956.219999998808,0.217148,-0.733627,-0.449005
24983.400000002235,-0.429337,-0.231125,-0.23378
25010.55000000447,-0.498444,-0.193146,0.077194
25037.689999997616,-0.050476,-1.021194,0.229843
25064.840000003576,0.218018,-0.695435,0.197403
25091.980000000447,0.330948,-1.058456,0.273926
25119.159999996424,0.248734,-1.355804,0.479004
25146.300000000745,0.345551,-1.635117,0.229355
25173.45000000298,0.315613,-1.883682,0.19397
25200.58999999985,0.29599,-2.34993,0.228409
25227.740000002086,0.358871,-1.572586,1.542465
25254.920000005513,1.012207,-0.465836,1.930771
25282.060000002384,1.843811,0.124741,2.091354
25309.21000000462,1.855316,-0.74498,0.648224
25336.36000000313,0.452621,-1.638748,-1.08403
25363.50000000745,-0.305313,-0.966339,-0.603867
25390.69000000134,-0.293396,-1.279984,0.848557
25417.840000003576,0.556519,-1.353683,2.862839
25444.980000000447,-0.437561,-1.063141,-0.058701
25472.130000002682,-0.390564,-0.993103,-0.545715
25499.280000001192,-0.184219,-0.988632,-0.564224
25526.460000000894,-0.033051,-1.050507,-0.021591
25553.61000000313,-0.090836,-1.196167,0.313461
25580.76000000164,-0.222443,-1.082611,0.195602
25607.900000002235,-0.146667,-0.932663,-0.123444
25635.060000002384,0.089432,-0.971741,-0.219116
25662.230000000447,0.131058,-0.985931,-0.025711
25689.379999998957,0.053482,-1.016373,0.088333
25716.530000001192,0.018692,-0.884933,0.050095
25743.680000003427,0.052231,-0.864365,-0.013489
25770.820000004023,0.056015,-1.081772,-0.025589
25798.009999997914,-0.08725,-1.034836,0.044968
25825.15000000596,-0.245056,-1.070251,0.220093
25852.30000000447,-0.361008,-1.238419,0.240524
25879.44000000134,-0.466965,-1.64621,-0.045883
25906.580000001937,-0.564438,-1.613922,-0.325943
25933.760000005364,-0.188248,-1.510376,-0.112274
25960.900000002235,0.563934,-2.022751,0.611221
25988.050000000745,1.361969,-3.185516,0.348831
26015.200000006706,0.692535,-0.629837,-0.281036
26042.35000000894,0.611786,-1.036072,-0.573792
26069.529999997467,-0.161087,-0.109879,-0.629654
26096.680000003427,-0.385803,-0.049088,-0.311371
26123.820000000298,-0.194778,-0.555038,0.149078
26150.970000002533,0.046631,-1.096893,0.509293
26178.109999999404,0.139832,-0.944366,0.422348
26205.300000000745,0.160034,-1.385086,0.339401
26232.44000000134,0.257965,-1.767776,0.377197
26259.58999999985,0.377808,-2.058411,0.557358
26286.730000000447,0.164856,-1.962753,0.61203
26313.880000002682,0.536087,-1.338028,1.128586
26341.060000009835,1.148926,-0.7043,1.720398
26368.210000000894,1.487228,0.079712,1.590683
26395.350000005215,1.468719,-1.19455,0.495651
26422.500000003725,0.365952,-0.939713,-0.334839
26449.64000000432,-0.399979,-1.091309,-0.932739
26476.820000000298,-0.492538,-1.920609,-0.112686
26503.960000008345,0.151321,-0.857788,2.605377
26531.109999999404,-0.404648,-1.472595,0.540268
26558.250000003725,-0.177475,-0.94281,-0.325638
26585.390000000596,-0.115646,-1.006973,-0.538498
26612.570000000298,-0.004471,-1.067719,-0.12999
26639.71000000462,-0.21814,-1.023193,-0.048553
26666.86000001058,-0.351746,-0.987473,-0.306473
26694.0,-0.217606,-0.964478,-0.301666
26721.150000002235,-0.066498,-1.007965,0.019333
26748.330000001937,-0.109741,-0.972733,0.17778
26775.470000002533,0.173447,-1.007584,0.257721
26802.62000000477,0.071213,-0.965622,-0.023712
26829.76000000164,0.053986,-0.925354,0.067398
26856.900000002235,0.04361,-0.914291,0.236359
26884.080000001937,0.086166,-0.971695,0.212387
26911.230000004172,0.117416,-0.999924,0.113235
26938.370000001043,-0.005203,-1.009293,0.16925
26965.519999999553,-0.106659,-1.069916,0.195648
26992.660000003874,-0.228302,-1.203812,-0.034348
27019.850000005215,-0.45372,-1.435333,-0.0186
27047.000000003725,-0.431641,-1.452866,0.001434
27074.140000000596,-0.175186,-1.418823,0.180969
27101.29000000283,0.385834,-1.590805,0.864807
27128.44000000134,1.115677,-2.329254,0.235016
27155.619999989867,1.031891,-0.538498,0.224747
27182.630000002682,0.888657,-1.573944,-0.511719
27209.780000001192,0.116974,-0.304413,-0.347397
27236.920000005513,-0.294693,0.01918,-0.31192
27264.070000000298,-0.31488,-0.413193,0.075027
27291.25,-0.160095,-1.097778,0.553741
27318.39000000432,-0.191193,-0.977142,0.620773
27345.54000000283,0.00856,-1.238388,0.397629
27372.679999999702,0.244202,-1.450897,0.290131
27399.830000001937,0.308411,-1.624176,0.265106
27427.02000000328,0.376892,-1.813507,0.407303
27454.170000001788,0.401215,-1.82132,0.282913
27481.320000000298,0.273087,-1.556503,0.677322
27508.470000002533,0.36467,-1.158203,1.055954
27535.62000000477,0.810379,-0.565781,1.497269
27562.800000000745,1.168121,-0.132233,1.335907
27589.95000000298,1.34938,-1.409088,0.564926
27617.089999996126,0.589142,-0.901001,0.059891
27644.240000002086,-0.143082,-1.25679,-0.943878
27671.379999998957,-0.911789,-0.311722,-0.820847
27698.560000002384,-0.716492,-2.899124,0.330078
27725.71000000462,-0.887787,-2.318085,0.799774
27752.86000000313,-0.577698,-1.555008,1.035065
27780.00000000745,-0.108566,-0.892685,0.010223
27807.150000002235,-0.016144,-0.927979,-0.531616
27834.330000001937,0.11264,-0.953705,-0.538498
27861.480000004172,-0.21312,-0.89888,-0.423355
27888.619999997318,-0.313339,-0.977463,-0.199249
27915.769999988377,-0.309158,-0.99408,0.019165
27942.910000003874,-0.24765,-0.978912,0.081406
27970.090000003576,-0.154495,-0.970093,-0.056992
27997.240000002086,-0.1418,-0.977142,-0.168716
28024.380000002682,-0.160706,-0.993103,-0.090485
28051.530000004917,-0.162628,-1.006668,-0.05249
28078.680000010878,-0.205917,-0.988358,-0.075806
28105.870000008494,-0.180878,-0.99852,-0.113037
28133.000000003725,-0.159882,-0.988129,-0.11377
28160.160000003874,-0.156479,-1.012177,-0.08902
28187.310000002384,-0.141174,-0.999893,-0.042465
28214.46000000462,-0.116913,-0.99736,-0.042572
28241.640000000596,-0.037903,-0.991348,-0.062119
28268.780000004917,-0.01886,-1.006317,-0.053375
28295.929999999702,-0.066147,-1.023026,0.050995
28323.080000001937,-0.001251,-1.045395,0.041275
28350.220000002533,-0.068268,-1.032333,-0.126785
28377.41000000015,-0.095444,-1.141251,-0.093719
28404.550000008196,-0.218964,-1.142273,0.139145
28431.70000000298,-0.192017,-1.029724,0.224548
28458.840000003576,0.003494,-0.929062,0.20961
28485.990000002086,0.17688,-0.89444,0.188766
28513.170000005513,0.285751,-0.916382,0.279297
28540.30999999866,0.276825,-0.91507,0.298462
28567.46000000462,0.16423,-0.92868,0.266418
28594.609999999404,0.074875,-0.947556,0.306305
28621.75,0.091354,-0.964844,0.296906
28648.94000000134,0.124771,-0.957108,0.308258
28676.08999999985,0.130722,-0.952316,0.329254
28703.230000004172,0.137634,-0.954803,0.316345
28730.380000006407,0.162018,-0.946457,0.303955
28757.530000008643,0.181,-0.987976,0.304916
28784.710000000894,0.172745,-1.023376,0.257156
28811.86000000313,0.285233,-1.0383,0.449814
28839.01000000164,0.277863,-1.005157,0.592606
28866.160000003874,0.232193,-0.643723,0.444458
28893.310000002384,0.196976,-0.75267,0.314468
28920.5,-0.210373,-0.999146,0.007874
28947.64000000432,-0.236633,-0.887848,0.1147
28974.79000000283,-0.069473,-0.873291,0.384018
29001.94000000134,0.148895,-1.065887,0.467819
29029.090000003576,0.36998,-0.998459,0.702072
29056.280000004917,0.414124,-0.93811,0.581635
29083.430000007153,0.271805,-0.872223,0.498306
29110.570000000298,0.149261,-0.90155,0.376373
29137.720000002533,0.046783,-0.895645,0.381485
29164.87000000477,0.035095,-0.904846,0.315109
29192.05000000447,0.148636,-0.917221,0.326508
29219.20000000298,0.22612,-0.959274,0.337845
29246.349999997765,0.175812,-0.928421,0.33963
29273.500000003725,0.102539,-0.877899,0.285141
29300.650000002235,0.076843,-0.866852,0.216476
29327.830000001937,0.073837,-0.967789,0.230545
29354.980000000447,0.030487,-0.894791,0.150436
29382.130000002682,-0.062653,-0.869385,0.007126
29409.280000001192,-0.05571,-0.899368,0.066238
29436.430000003427,-0.080307,-0.849731,0.047699
29463.62000000477,0.530914,-0.805756,0.117874
29490.769999999553,0.472717,-0.946381,-0.464615
29517.910000003874,-0.211563,-1.030807,-0.094818
29545.060000002384,-0.468857,-1.175629,0.745651
29572.21000000462,-0.126694,-1.030136,0.486649
29599.400000002235,0.154602,-0.962921,-0.009735
29626.550000000745,0.149643,-1.020889,-0.150711
29653.690000005066,4.43E-4,-1.073059,-0.03949
29680.840000003576,-0.125305,-0.99411,0.046051
29707.990000002086,-0.139938,-1.014374,-0.028702
29735.179999999702,-0.127777,-0.960205,-0.129868
29762.330000001937,-0.034134,-1.01918,-0.035477
29789.480000004172,-0.027573,-1.014618,0.134308
29816.620000001043,-0.034256,-1.022827,0.076492
29843.780000004917,-0.033875,-0.974579,-0.053146
29870.960000000894,-0.052734,-0.986557,-0.096817
29898.11000000313,-0.05011,-0.946808,-0.100296
29925.26000000164,-0.05748,-1.049652,-0.089111
29952.410000003874,-0.09639,-1.007843,-0.032227
29979.560000002384,-0.085312,-1.020523,0.031448
30006.75,-0.096191,-0.997314,-0.048965
30033.9100000076,-0.078598,-1.003845,-0.130493
30061.060000002384,-0.083191,-0.980225,-0.105972
30088.210000000894,-0.087128,-0.993637,-0.035782
30115.359999999404,-0.078308,-1.032074,-0.081314
30142.550000000745,-0.061432,-1.016739,-0.032318
30169.70000000298,-0.064102,-1.036591,0.010452
30196.85000000149,-0.116364,-1.027817,-0.05954
30224.01000000164,-0.114029,-1.003372,-0.124039
30251.150000002235,-0.073257,-1.007156,-0.13028
30278.33999999985,-0.055862,-1.021622,-0.134827
30305.49000000581,-0.036301,-1.045807,-0.142075
30332.640000000596,-0.016968,-0.966736,-0.213318
30359.79000000283,-0.00705,-0.939468,-0.238113
30386.94000000134,-0.091171,-0.965118,-0.235748
30414.120000001043,-0.079544,-0.983002,-0.172058
30441.27000000328,-0.025238,-1.044861,-0.069733
30468.420000001788,0.026474,-1.071198,-0.079605
30495.570000004023,0.03569,-1.011246,-0.152924
30522.720000002533,0.021118,-0.954819,-0.22934
30549.900000002235,-0.016144,-0.953125,-0.271896
30577.050000000745,-0.092896,-0.967087,-0.242538
30604.20000000298,-0.088348,-0.990677,-0.202774
30631.35000000149,-0.082474,-0.926773,-0.175232
30658.500000003725,-0.158539,-0.917892,-0.211182
30685.680000003427,-0.212112,-1.0159,-0.201981
30712.830000001937,-0.130814,-0.945435,-0.139709
30739.980000007898,0.03746,-1.013748,-0.118622
30767.129999998957,0.027191,-1.016174,-0.128952
30794.280000001192,-0.046738,-1.032089,-0.115005
30821.470000002533,-0.085327,-1.014099,-0.090286
30848.620000001043,0.001007,-1.009888,-0.1483
30875.77000000328,0.177277,-1.06221,-0.0495
30902.920000001788,0.115372,-0.971039,-0.157547
30930.070000004023,-0.220306,-1.039566,-0.157501
30957.260000005364,-0.150696,-1.017471,-0.223175
30984.41000000015,0.022156,-0.85318,-0.363403
31011.560000002384,0.10907,-1.059433,-0.026794
31038.70999999717,-0.215225,-1.135284,0.395935
31065.850000005215,-0.041489,-0.845947,-0.543594
31093.039999999106,-0.067383,-0.889023,-0.340042
31120.19000000134,0.205475,-1.04422,-0.265839
31147.350000005215,0.079193,-0.948898,-0.333191
31174.500000003725,0.050537,-0.982513,-0.265213
31201.649999994785,-0.060654,-0.924911,-0.283752
31228.830000001937,-0.033691,-0.945038,-0.341248
31255.980000004172,0.048492,-1.014893,-0.332092
31283.14000000432,0.029709,-0.97525,-0.345444
31310.280000001192,0.022186,-0.941498,-0.225571
31337.430000007153,0.026169,-0.863602,-0.299606
31364.620000001043,0.01889,-0.913239,-0.349106
31391.77000000328,-0.006531,-0.937714,-0.337097
31418.919999998063,-0.026505,-0.920166,-0.319016
31446.070000004023,-0.019669,-0.918289,-0.286331
31473.220000002533,0.032181,-0.983505,-0.361328
31500.41000000015,0.06839,-0.94342,-0.328735
31527.55000000447,0.090637,-0.959396,-0.341537
31554.710000000894,0.127487,-0.923553,-0.305527
31581.86000000313,0.057938,-0.952621,-0.290329
31609.0,0.065582,-0.954651,-0.3358
31636.19000000134,0.130035,-0.965759,-0.370468
31663.340000003576,0.087845,-0.946533,-0.327362
31690.490000002086,0.040573,-0.956009,-0.322388
31717.64000000432,0.052628,-0.964645,-0.339432
31744.789999999106,0.046768,-0.942612,-0.33345
31771.969999998808,0.090195,-0.952545,-0.34491
31799.120000001043,0.099396,-0.947525,-0.340729
31826.26000000164,0.069962,-0.933014,-0.322479
31853.41000000015,0.081818,-0.952576,-0.327942
31880.55000000447,0.124802,-0.96814,-0.314163
31907.730000007898,0.195038,-0.970978,-0.307419
31934.880000002682,0.194,-0.981064,-0.331757
31962.030000004917,0.140366,-0.934799,-0.329117
31989.179999999702,0.168274,-0.927353,-0.322556
32016.32000000775,0.155487,-0.937836,-0.309875
32043.499999996275,0.162338,-0.944916,-0.303848
32070.650000002235,0.144958,-0.945724,-0.298843
32097.800000008196,0.130249,-0.961761,-0.28009
32124.950000006706,0.154327,-0.950623,-0.306305
32152.100000005215,0.160889,-0.964981,-0.281677
32179.130000002682,0.182343,-0.965607,-0.273117
32206.27000000328,0.190842,-0.945572,-0.285629
32233.419999998063,0.164124,-0.947235,-0.282104
32260.570000004023,0.153885,-0.970764,-0.288162
32287.720000002533,0.157578,-0.954391,-0.281189
32314.900000002235,0.156021,-0.949417,-0.283295
32342.05000000447,0.15416,-0.951721,-0.275024
32369.189999997616,0.153366,-0.960144,-0.275177
32396.340000003576,0.155548,-0.974472,-0.251724
32423.490000002086,0.167038,-0.954666,-0.267929
32450.680000003427,0.174149,-0.965851,-0.340912